datetime,volume,open,high,low,close,chg,percent,turnoverrate,amount
2017-08-07,86064427,10.5905,10.6959,10.4373,10.5331,-0.1626,-1.52,0.51,946975699.56
2017-08-08,68956744,10.5331,10.6384,10.4469,10.581,0.0474,0.45,0.41,758872028.53
2017-08-09,104232181,10.4948,10.5522,10.2267,10.2745,-0.3069,-2.9,0.62,1126512107.82
2017-08-10,95987996,10.2458,10.3607,10.0926,10.1692,-0.1058,-1.03,0.57,1026676005.5
2017-08-11,244064335,10.0352,10.0926,9.566,9.5947,-0.5746,-5.65,1.44,2501779371.25
2017-08-14,115766464,9.7,9.8149,9.6138,9.7862,0.1919,2.0,0.68,1175479138.54
2017-08-15,107516235,9.8053,10.0639,9.7766,9.8724,0.0861,0.88,0.64,1116749994.49
2017-08-16,75680602,9.8532,9.9298,9.7192,9.9011,0.0286,0.29,0.45,778517621.68
2017-08-17,55364211,9.9107,9.9777,9.8532,9.9777,0.0762,0.77,0.33,573093949.61
2017-08-18,61652041,9.9202,10.1501,9.8532,9.9969,0.019,0.19,0.36,643188717.21
2017-08-21,39915487,9.9873,10.0735,9.949,10.016,0.019,0.19,0.24,417653110.85
2017-08-22,87568181,10.0352,10.2075,9.9298,10.1979,0.1823,1.82,0.52,922881865.79
2017-08-23,131915190,10.1788,10.5139,10.1405,10.4373,0.2396,2.35,0.78,1430051908.04
2017-08-24,92424863,10.4277,10.6384,10.3799,10.4661,0.0292,0.28,0.55,1014933651.98
2017-08-25,96394000,10.4756,10.6959,10.4373,10.6384,0.1727,1.65,0.57,1068994547.06
2017-08-28,160393832,10.6288,11.0502,10.6288,10.8682,0.2298,2.16,0.95,1828380086.0
2017-08-29,135798373,10.8203,11.2417,10.8012,11.1746,0.3065,2.82,0.8,1569230034.16
2017-08-30,109667476,11.1842,11.2034,10.8682,10.9448,-0.2302,-2.06,0.65,1264128140.68
2017-08-31,115178646,10.9065,10.9544,10.6767,10.8012,-0.1434,-1.31,0.68,1297730595.72
2017-09-01,95997689,10.8012,10.9065,10.6767,10.7342,-0.067,-0.62,0.57,1080996319.27
2017-09-04,135232557,10.7054,11.2225,10.6959,11.2225,0.4884,4.55,0.8,1551875033.9
2017-09-05,128751876,11.1842,11.4332,11.1076,11.1459,-0.0763,-0.68,0.76,1513759541.19
2017-09-06,79162155,11.098,11.3757,10.9927,11.2034,0.058,0.52,0.47,925519043.82
2017-09-07,61418724,11.1555,11.2512,10.9065,10.9544,-0.2487,-2.22,0.36,711036421.43
2017-09-08,48127615,10.9736,11.1459,10.897,11.0023,0.0482,0.44,0.28,553644520.36
2017-09-11,69947275,11.0502,11.1938,10.8203,10.897,-0.1056,-0.96,0.41,801825014.63
2017-09-12,84618342,10.897,11.0502,10.7916,11.0502,0.1536,1.41,0.5,962032172.14
2017-09-13,66823742,11.0023,11.0502,10.8586,10.9448,-0.105,-0.95,0.4,765028184.64
2017-09-14,88308777,10.9448,11.098,10.7629,10.8395,-0.1051,-0.96,0.52,1005775578.24
2017-09-15,64609481,10.8108,10.8395,10.6767,10.8108,-0.0282,-0.26,0.38,726061100.45
2017-09-18,60761296,10.7725,10.8395,10.7246,10.7725,-0.0378,-0.35,0.36,684223023.19
2017-09-19,76421262,10.7725,10.8586,10.6097,10.6576,-0.1153,-1.07,0.45,853815999.65
2017-09-20,78715469,10.6671,10.8874,10.581,10.8108,0.1535,1.44,0.47,884640964.21
2017-09-21,69240793,10.782,11.0214,10.7246,10.9736,0.1632,1.51,0.41,788605300.87
2017-09-22,59392762,10.9448,11.031,10.8299,10.9544,-0.0187,-0.17,0.35,677622489.51
2017-09-25,53239104,10.9544,10.964,10.7054,10.8108,-0.1435,-1.31,0.31,602270302.75
2017-09-26,96746090,10.782,10.8203,10.4948,10.581,-0.2303,-2.13,0.57,1074228193.8
2017-09-27,72718820,10.5427,10.6097,10.4373,10.4661,-0.1153,-1.09,0.43,798377280.05
2017-09-28,51722002,10.5139,10.5139,10.3607,10.4182,-0.0481,-0.46,0.31,563485127.39
2017-09-29,68228010,10.4565,10.6863,10.399,10.6384,0.2198,2.11,0.4,753852534.72
2017-10-09,132522731,11.0789,11.1459,10.782,10.8203,0.1819,1.71,0.78,1520609511.57
2017-10-10,74792530,10.8491,11.0119,10.8491,10.9831,0.1623,1.5,0.44,853665849.11
2017-10-11,65807758,10.9927,11.0885,10.8586,11.0406,0.0571,0.52,0.39,756203405.4
2017-10-12,57806531,11.0502,11.0885,10.9831,11.0597,0.0188,0.17,0.34,667148377.69
2017-10-13,73737596,11.0693,11.0693,10.7725,10.8778,-0.1814,-1.64,0.44,839662734.96
2017-10-16,103625064,10.8778,11.1076,10.8108,11.098,0.2197,2.02,0.61,1190724204.76
2017-10-17,50637234,11.1268,11.1555,10.9927,11.0214,-0.0766,-0.69,0.3,585333998.33
2017-10-18,87136536,11.0406,11.2034,11.0214,11.1938,0.1719,1.56,0.52,1011050927.7
2017-10-19,72276482,11.1459,11.2225,11.0789,11.1363,-0.0571,-0.51,0.43,841546799.4
2017-10-20,46180808,11.098,11.098,10.9257,10.9927,-0.1437,-1.29,0.27,529747048.16
2017-10-23,107446502,10.9065,10.9161,10.6767,10.715,-0.2781,-2.53,0.64,1206888281.81
2017-10-24,61887194,10.7246,10.9353,10.7054,10.9065,0.1918,1.79,0.37,700896871.75
2017-10-25,41857360,10.8778,10.8874,10.7725,10.7916,-0.1145,-1.05,0.25,472708177.86
2017-10-26,92899607,10.7725,10.8395,10.648,10.7054,-0.0863,-0.8,0.55,1041707022.88
2017-10-27,136008642,10.715,11.0693,10.7054,11.0693,0.364,3.4,0.8,1548543731.64
2017-10-30,127824694,11.0597,11.2321,10.964,11.0693,0.0,0.0,0.76,1484495472.54
2017-10-31,62749138,11.0597,11.0885,10.9065,11.0502,-0.0188,-0.17,0.37,721237474.23
2017-11-01,69261790,11.0693,11.098,10.8395,10.9161,-0.1337,-1.21,0.41,792881042.82
2017-11-02,60430848,10.8778,11.0885,10.782,11.0502,0.1343,1.23,0.36,689229873.86
2017-11-03,74334322,11.0023,11.1842,10.8682,10.9065,-0.1437,-1.3,0.44,852032107.89
2017-11-06,102990281,10.9353,10.9353,10.6193,10.8012,-0.1058,-0.97,0.61,1157303985.6
2017-11-07,247716326,10.7916,11.5768,10.7725,11.414,0.6124,5.67,1.46,2914269160.44
2017-11-08,426282573,11.4906,12.0556,11.4236,11.6151,0.2009,1.76,2.52,5199224276.82
2017-11-09,229528934,11.6821,12.0364,11.6343,11.8066,0.1916,1.65,1.36,2839861735.04
2017-11-10,175755227,11.8449,12.0173,11.6343,11.7779,-0.0283,-0.24,1.04,2167126597.89
2017-11-13,256690623,11.8258,12.5439,11.8258,12.3524,0.5747,4.88,1.52,3307955288.74
2017-11-14,178030247,12.4003,12.6971,12.2663,12.4003,0.0482,0.39,1.05,2318092534.32
2017-11-15,126305227,12.3524,12.5727,12.2279,12.3524,-0.0484,-0.39,0.75,1627912725.03
2017-11-16,120081480,12.3524,12.5631,12.1322,12.5439,0.1915,1.55,0.71,1550701791.1
2017-11-17,206414972,12.611,12.8887,12.4769,12.6205,0.0765,0.61,1.22,2731215933.75
2017-11-20,284392582,12.5727,13.6451,12.4961,13.6451,1.0248,8.12,1.68,3860145472.82
2017-11-21,249532781,13.4728,14.1622,13.4153,13.8366,0.191,1.4,1.48,3609849024.92
2017-11-22,257023146,13.8654,14.5931,13.8654,14.459,0.6226,4.5,1.52,3839501153.96
2017-11-23,242914214,14.5069,14.5931,13.4728,13.7409,-0.7186,-4.97,1.44,3562843399.78
2017-11-24,263018967,13.6834,13.9707,13.1951,13.942,0.2006,1.46,1.55,3732597275.58
2017-11-27,206408533,13.693,13.693,13.1663,13.3387,-0.6037,-4.33,1.22,2878491901.47
2017-11-28,176643250,13.2621,13.2621,12.8312,13.1185,-0.2201,-1.65,1.04,2396540133.1
2017-11-29,156409493,13.1472,13.3387,12.8982,13.2334,0.1154,0.88,0.92,2148312654.99
2017-11-30,137963571,13.1185,13.1472,12.6971,12.8121,-0.4208,-3.18,0.82,1866700884.59
2017-12-01,178493315,12.8312,12.9078,12.4099,12.4482,-0.3639,-2.84,1.05,2354299656.82
2017-12-04,145402345,12.4961,12.8025,12.4482,12.7355,0.2875,2.31,0.86,1923315712.98
2017-12-05,172368132,12.5918,12.9174,12.5439,12.7355,0.0,0.0,1.02,2301867653.62
2017-12-06,161984496,12.6971,12.7067,12.2471,12.5248,-0.2101,-1.65,0.96,2104168537.1
2017-12-07,118195784,12.4961,12.5822,12.2088,12.2854,-0.2392,-1.91,0.7,1526953344.35
2017-12-08,135131504,12.3429,12.5344,12.2088,12.5344,0.2494,2.03,0.8,1751423112.52
2017-12-11,226195273,12.5248,12.994,12.3333,12.927,0.3923,3.13,1.34,2980735572.46
2017-12-12,174340579,12.8312,12.9078,12.4673,12.4673,-0.4602,-3.56,1.03,2302354901.5
2017-12-13,128924811,12.4482,12.6397,12.3333,12.5727,0.1047,0.84,0.76,1679022035.87
2017-12-14,100199798,12.5918,12.745,12.362,12.4482,-0.1245,-0.99,0.59,1311131917.66
2017-12-15,109995250,12.3524,12.3812,12.1609,12.1801,-0.2296,-1.85,0.25,1405372004.04
2017-12-18,80546452,12.1896,12.362,12.1035,12.2088,0.0292,0.24,0.48,1029422753.28
2017-12-19,239794295,12.2471,12.7546,12.1992,12.7163,0.5079,4.16,1.42,3138687565.9
2017-12-20,110624507,12.6397,12.745,12.5727,12.6971,-0.0191,-0.15,0.65,1463802116.67
2017-12-21,148520344,12.6205,13.0993,12.6014,12.9653,0.2679,2.11,0.88,2005617683.86
2017-12-22,74290095,12.927,13.0514,12.8791,12.9461,-0.0194,-0.15,0.44,1004525768.54
2017-12-25,158556718,12.9461,13.2717,12.6014,12.6876,-0.2589,-2.0,0.94,2145040658.23
2017-12-26,112368845,12.6971,13.1089,12.6301,13.0802,0.3921,3.09,0.66,1510826264.44
2017-12-27,136656673,13.0036,13.1951,12.6301,12.7259,-0.3545,-2.71,0.81,1848165006.46
2017-12-28,155303047,12.7163,12.8887,12.4673,12.6493,-0.0764,-0.6,0.92,2052944539.14
2017-12-29,98291553,12.6493,12.8599,12.5439,12.7355,0.086,0.68,0.58,1303222040.36
2018-01-02,208159255,12.7833,13.3387,12.7546,13.1185,0.3833,3.01,1.23,2856543822.18
2018-01-03,296249838,13.1472,13.2717,12.6397,12.7642,-0.3542,-2.7,1.75,4006220766.94
2018-01-04,185450948,12.7546,12.8025,12.5727,12.6876,-0.0766,-0.6,1.1,2454543516.41
2018-01-05,121031272,12.6493,12.7833,12.5918,12.7355,0.0482,0.38,0.72,1603289517.93
2018-01-08,215862081,12.6876,12.7259,12.3141,12.4099,-0.326,-2.56,1.28,2806099169.66
2018-01-09,134434509,12.4099,12.6397,12.3716,12.5248,0.1154,0.93,0.79,1754315792.47
2018-01-10,240327736,12.4865,12.9174,12.3716,12.8982,0.3732,2.98,1.42,3196055830.91
2018-01-11,144387781,12.8408,13.0131,12.7067,12.8312,-0.0671,-0.52,0.85,1937494294.07
2018-01-12,135399140,12.8791,13.0993,12.8408,12.9748,0.1437,1.12,0.8,1833435672.07
2018-01-15,312239448,12.9365,13.7217,12.927,13.5972,0.6228,4.8,1.82,4376707088.52
2018-01-16,244454900,13.5685,13.7696,13.4249,13.5972,0.0,0.0,1.36,3479177087.3
2018-01-17,265629401,13.7217,14.1718,13.5972,13.626,0.0286,0.21,1.56,3849312882.21
2018-01-18,214802680,13.7888,14.0952,13.6739,14.0952,0.4687,3.44,1.24,3120455742.35
2018-01-19,257114669,14.1718,14.4878,14.0569,14.1718,0.0761,0.54,1.51,3832857440.3
2018-01-22,207386714,13.9803,14.3058,13.8175,13.8271,-0.3444,-2.43,1.2,3032799070.35
2018-01-23,238879170,13.7505,14.2675,13.7217,14.0281,0.2005,1.45,1.38,3492462005.57
2018-01-24,259129212,14.0377,14.4399,13.8845,14.0186,-0.0098,-0.07,1.51,3838734922.63
2018-01-25,236998459,13.8366,13.8558,13.4057,13.5972,-0.422,-3.01,1.39,3360822344.56
2018-01-26,203298865,13.5781,13.7313,13.4249,13.4536,-0.1441,-1.06,1.17,2885104627.01
2018-01-29,209054668,13.4536,13.6451,13.0227,13.1568,-0.2973,-2.21,1.23,2911452095.24
2018-01-30,109473986,13.1185,13.2525,12.9748,13.0706,-0.0868,-0.66,0.64,1497708872.63
2018-01-31,174772914,13.0227,13.4536,12.9557,13.4536,0.383,2.93,1.01,2423104767.05
2018-02-01,200561475,13.3579,13.693,13.2525,13.4345,-0.0188,-0.14,1.18,2821583609.23
2018-02-02,117651271,13.3196,13.5015,13.0514,13.4536,0.0188,0.14,0.69,1637619618.32
2018-02-05,233199790,13.2142,13.9515,13.1472,13.9324,0.4789,3.56,1.36,3326355314.78
2018-02-06,258287204,13.626,13.7217,13.3387,13.4057,-0.5266,-3.78,1.51,3641294710.26
2018-02-07,334571697,13.6164,13.693,12.2184,12.3716,-1.0335,-7.71,1.96,4521586590.19
2018-02-08,213781506,12.2854,12.3716,11.9981,12.0077,-0.3637,-2.94,1.25,2711464886.05
2018-02-09,282494975,11.5672,11.5672,10.897,11.1938,-0.8141,-6.78,1.65,3308553501.52
2018-02-12,122878244,11.28,11.3374,11.0693,11.2225,0.0291,0.26,0.72,1439644312.04
2018-02-13,129817869,11.3662,11.6917,11.3374,11.4332,0.211,1.88,0.76,1562420005.24
2018-02-14,86419024,11.4523,11.5194,11.2608,11.4906,0.0572,0.5,0.5,1030474410.44
2018-02-22,126840607,11.73,11.9981,11.73,11.9311,0.4401,3.83,0.74,1573562575.57
2018-02-23,101366320,12.046,12.2471,11.9215,12.0747,0.1432,1.2,0.59,1278185721.74
2018-02-26,104575874,12.2279,12.3046,11.9215,12.0939,0.0193,0.16,0.61,1318960463.96
2018-02-27,128586906,12.1035,12.1609,11.6726,11.7587,-0.335,-2.77,0.75,1590018492.14
2018-02-28,121414559,11.5864,11.6726,11.4236,11.5385,-0.2199,-1.87,0.71,1463313702.75
2018-03-01,88695718,11.414,11.6343,11.3949,11.5289,-0.0092,-0.08,0.52,1069354491.03
2018-03-02,66312416,11.414,11.5289,11.347,11.4428,-0.0865,-0.75,0.39,791736473.27
2018-03-05,75418313,11.4236,11.5672,11.2991,11.3566,-0.0858,-0.75,0.44,897244265.05
2018-03-06,115016249,11.4428,11.596,11.2704,11.5864,0.2294,2.02,0.67,1373438382.66
2018-03-07,142757032,11.6343,11.8162,11.5289,11.5385,-0.0475,-0.41,0.84,1744085270.04
2018-03-08,68975503,11.5385,11.6343,11.4428,11.596,0.0577,0.5,0.4,832153697.14
2018-03-09,94387697,11.6343,11.6821,11.4715,11.5768,-0.0197,-0.17,0.55,1139043574.63
2018-03-12,126870132,11.6343,11.6534,11.4428,11.5194,-0.0579,-0.5,0.74,1526643478.92
2018-03-13,108226732,11.5289,11.7013,11.4906,11.5098,-0.0092,-0.08,0.64,1309543466.56
2018-03-14,63559413,11.4715,11.4906,11.3278,11.414,-0.0955,-0.83,0.37,757090756.43
2018-03-15,115569473,11.2895,11.347,11.1651,11.2129,-0.2009,-1.76,0.67,1356878634.17
2018-03-16,96298338,11.2225,11.347,11.1459,11.1459,-0.0673,-0.6,0.56,1130784170.87
2018-03-19,80853872,11.1651,11.3374,11.1172,11.3278,0.1817,1.63,0.47,947664744.37
2018-03-20,77615002,11.2417,11.3757,11.2225,11.3183,-0.0091,-0.08,0.45,916858475.86
2018-03-21,144510951,11.4428,11.6055,11.347,11.3949,0.077,0.68,0.85,1736437401.21
2018-03-22,98427842,11.3949,11.4619,11.1268,11.1651,-0.2302,-2.02,0.58,1155741055.87
2018-03-23,182569075,10.7725,10.8682,10.4565,10.8586,-0.3059,-2.74,1.06,2037734400.09
2018-03-26,138359851,10.6767,10.7246,10.399,10.4661,-0.3931,-3.62,0.81,1519435011.09
2018-03-27,110393361,10.6288,10.6959,10.399,10.4756,0.0094,0.09,0.65,1213989931.18
2018-03-28,109902339,10.3894,10.6671,10.332,10.4277,-0.0482,-0.46,0.64,1201023442.21
2018-03-29,133060238,10.4565,10.6959,10.1022,10.581,0.1533,1.47,0.78,1445281829.86
2018-03-30,75217368,10.5714,10.581,10.4182,10.4373,-0.1439,-1.36,0.44,823438180.73
2018-04-02,110931643,10.4086,10.5235,10.2458,10.2554,-0.1816,-1.74,0.65,1200911980.38
2018-04-03,89074565,10.1501,10.2171,10.0639,10.1118,-0.1436,-1.4,0.52,942237800.69
2018-04-04,160248873,10.2267,10.5427,10.1501,10.4086,0.2973,2.94,0.94,1737258898.28
2018-04-09,107479576,10.3416,10.6288,10.2745,10.5522,0.1436,1.38,0.63,1180084371.59
2018-04-10,139095079,10.5522,10.9736,10.5044,10.9353,0.383,3.63,0.81,1562265089.74
2018-04-11,209597045,10.9065,11.414,10.897,11.3278,0.3926,3.59,1.23,2458982163.44
2018-04-12,117312818,11.2991,11.3278,10.9353,11.031,-0.2968,-2.62,0.69,1364675848.46
2018-04-13,130025597,11.1459,11.2895,10.964,11.0789,0.0474,0.43,0.76,1516155527.17
2018-04-16,142707281,10.9831,10.9831,10.5618,10.6288,-0.4498,-4.06,0.84,1593706086.4
2018-04-17,130189172,10.648,10.964,10.6384,10.7342,0.1052,0.99,0.76,1468159349.66
2018-04-18,147584533,10.964,11.1172,10.8012,11.0119,0.278,2.59,0.86,1692722923.5
2018-04-19,84913183,11.031,11.1938,10.9353,10.9831,-0.0286,-0.26,0.5,979593564.6
2018-04-20,95869066,11.0214,11.0885,10.7246,10.8682,-0.1153,-1.05,0.56,1090801311.42
2018-04-23,107028935,10.8203,11.1172,10.782,11.0789,0.2108,1.94,0.62,1228544006.32
2018-04-24,146109880,11.1363,11.4332,11.0885,11.3566,0.2781,2.51,0.85,1725152198.09
2018-04-25,73028648,11.2608,11.3087,11.1363,11.1842,-0.1726,-1.52,0.43,854713248.88
2018-04-26,87423591,11.1651,11.1938,10.8299,10.9353,-0.2494,-2.23,0.51,1002483154.12
2018-04-27,270979568,11.0023,11.0214,10.1788,10.3894,-0.5457,-4.99,1.59,2958464277.86
2018-05-02,119052318,10.5044,10.5618,10.3416,10.4182,0.0291,0.28,0.7,1295804420.86
2018-05-03,128135557,10.399,10.4182,10.1213,10.2937,-0.124,-1.19,0.74,1372765845.83
2018-05-04,71050952,10.2745,10.3703,10.2075,10.2267,-0.0669,-0.65,0.41,761302468.67
2018-05-07,97430967,10.2458,10.3703,10.1884,10.3511,0.1248,1.22,0.57,1046743101.92
2018-05-08,137330568,10.3703,10.6767,10.3416,10.5427,0.1915,1.85,0.8,1511546681.16
2018-05-09,62765613,10.5139,10.5618,10.4182,10.5044,-0.038,-0.36,0.36,687036874.44
2018-05-10,55273588,10.5618,10.6193,10.4469,10.5427,0.0378,0.36,0.31,607349997.23
2018-05-11,77236966,10.5714,10.6576,10.4948,10.5427,0.0,0.0,0.45,853271166.64
2018-05-14,103929716,10.6193,10.7533,10.5618,10.7054,0.1624,1.54,0.61,1158064201.07
2018-05-15,66926144,10.7054,10.715,10.5522,10.648,-0.0578,-0.54,0.39,742590447.65
2018-05-16,71436208,10.6001,10.6001,10.4277,10.4373,-0.2108,-1.98,0.42,782694669.69
2018-05-17,58649438,10.4469,10.4756,10.3224,10.3607,-0.0762,-0.73,0.34,635675440.98
2018-05-18,57838477,10.3511,10.5044,10.3033,10.4948,0.1337,1.29,0.34,628250184.92
2018-05-21,76353357,10.6001,10.6384,10.4661,10.4852,-0.0094,-0.09,0.44,838750577.65
2018-05-22,58987185,10.4852,10.5139,10.332,10.399,-0.086,-0.82,0.34,639815249.44
2018-05-23,99101629,10.3607,10.3607,10.1692,10.1979,-0.2007,-1.93,0.57,1058587812.32
2018-05-24,68815202,10.2075,10.2267,10.1309,10.1596,-0.0388,-0.38,0.4,730678763.88
2018-05-25,59333567,10.1596,10.2171,10.1022,10.1405,-0.0193,-0.19,0.34,629735450.6
2018-05-28,56940092,10.1309,10.2075,10.0639,10.1405,0.0,0.0,0.33,602590746.57
2018-05-29,88949497,10.1309,10.1788,9.9107,9.9394,-0.2008,-1.98,0.51,930386966.63
2018-05-30,112444704,9.8532,9.8532,9.6234,9.6521,-0.2872,-2.89,0.65,1139918753.16
2018-05-31,98736038,9.6809,9.7575,9.5947,9.7479,0.0956,0.99,0.56,999216332.96
2018-06-01,59721116,9.7192,9.8532,9.6426,9.7575,0.0097,0.1,0.34,608398867.46
2018-06-04,59303835,9.7958,9.8724,9.7192,9.8341,0.0771,0.79,0.34,608291978.44
2018-06-05,65654075,9.8532,9.8628,9.6809,9.8245,-0.0098,-0.1,0.38,670740302.01
2018-06-06,71274341,9.8149,9.8245,9.6713,9.7096,-0.1149,-1.17,0.41,724032796.29
2018-06-07,126263820,9.767,10.016,9.7479,9.9298,0.2204,2.27,0.73,1306425478.09
2018-06-08,109937982,9.8915,9.8915,9.633,9.6904,-0.2393,-2.41,0.64,1114968856.53
2018-06-11,72137498,9.633,9.7,9.5755,9.6138,-0.0766,-0.79,0.42,724687998.61
2018-06-12,91330072,9.6043,9.6521,9.5276,9.633,0.0192,0.2,0.53,914001701.46
2018-06-13,53058431,9.6138,9.633,9.5276,9.5276,-0.105,-1.09,0.31,530483756.71
2018-06-14,86639201,9.5276,9.7192,9.4989,9.6426,0.1153,1.21,0.5,872487574.28
2018-06-15,124870788,9.6521,9.8532,9.633,9.7383,0.0955,0.99,0.72,1273412999.36
2018-06-19,156587447,9.6234,9.7192,9.4032,9.451,-0.2873,-2.95,0.91,1565756559.87
2018-06-20,76363731,9.451,9.5276,9.3457,9.4893,0.0387,0.41,0.44,752950700.66
2018-06-21,84007077,9.5085,9.6138,9.4415,9.4415,-0.0474,-0.5,0.48,836014838.14
2018-06-22,65781851,9.384,9.451,9.3553,9.4319,-0.0094,-0.1,0.38,645752909.26
2018-06-25,119521260,9.4893,9.4989,8.9818,9.0584,-0.3735,-3.96,0.69,1154559080.5
2018-06-26,112415694,8.9914,9.0393,8.7042,8.9627,-0.096,-1.06,0.65,1042528543.99
2018-06-27,104514268,8.9148,9.001,8.6467,8.7042,-0.2581,-2.88,0.6,958871648.21
2018-06-28,111076403,8.5701,8.6946,8.4935,8.5414,-0.1628,-1.87,0.63,996801234.7
2018-06-29,67529968,8.6276,8.7425,8.5797,8.7042,0.1631,1.91,0.39,611346088.69
2018-07-02,131552013,8.6659,8.6659,8.1871,8.2445,-0.4596,-5.28,0.75,1158545868.81
2018-07-03,127483857,8.3211,8.3307,8.0913,8.302,0.0577,0.7,0.74,1096657033.32
2018-07-04,71115337,8.2637,8.3786,8.2445,8.2445,-0.0573,-0.69,0.41,617278559.96
2018-07-05,83576877,8.2541,8.3594,8.1871,8.235,-0.0099,-0.12,0.48,722169579.0
2018-07-06,98828269,8.2445,8.4073,8.0913,8.2924,0.0576,0.7,0.57,852071526.98
2018-07-09,140995460,8.3211,8.6467,8.3116,8.6467,0.3541,4.27,0.81,1255007609.99
2018-07-10,89686202,8.6371,8.6371,8.5126,8.5988,-0.0476,-0.55,0.52,803038965.25
2018-07-11,85129670,8.3882,8.4552,8.3116,8.4073,-0.1918,-2.23,0.49,744765824.89
2018-07-12,114049231,8.3642,8.7241,8.3448,8.6366,0.2336,2.78,0.66,1008658828.67
2018-07-13,60337821,8.6755,8.6949,8.5782,8.6366,0.0,0.0,0.35,535401175.45
2018-07-16,68984558,8.6074,8.656,8.4518,8.4907,-0.146,-1.69,0.4,603427713.21
2018-07-17,37535633,8.5004,8.5101,8.4226,8.481,-0.0093,-0.11,0.22,326396994.95
2018-07-18,52515277,8.5101,8.6074,8.4518,8.4615,-0.0195,-0.23,0.3,460697377.12
2018-07-19,46137239,8.5101,8.5685,8.4518,8.4907,0.0288,0.34,0.26,403674308.23
2018-07-20,175427740,8.4907,8.9478,8.374,8.8603,0.3694,4.35,1.01,1576843937.1
2018-07-23,178168826,8.7922,9.1909,8.7533,9.1618,0.3013,3.4,1.03,1646028021.04
2018-07-24,142589416,9.1326,9.3271,9.0742,9.1423,-0.0192,-0.21,0.82,1348746826.83
2018-07-25,61412281,9.1812,9.2104,9.0742,9.1229,-0.0192,-0.21,0.35,575752176.95
2018-07-26,83335815,9.1423,9.2201,8.9575,8.9964,-0.1268,-1.39,0.48,778429753.79
2018-07-27,51512603,9.0451,9.1034,8.9283,8.9964,0.0,0.0,0.3,477527419.46
2018-07-30,70638597,9.0645,9.2298,9.0061,9.1326,0.1359,1.51,0.4,661767547.55
2018-07-31,72015080,9.1131,9.2298,8.9964,9.1618,0.0292,0.32,0.41,674484650.66
2018-08-01,81408168,9.1618,9.2396,8.8603,8.8992,-0.263,-2.87,0.47,759282229.65
2018-08-02,93140128,8.8797,8.8992,8.6366,8.6949,-0.2047,-2.3,0.54,839272254.36
2018-08-03,47654662,8.6852,8.8505,8.6657,8.6657,-0.0296,-0.34,0.27,428641526.2
2018-08-06,55401008,8.6949,8.8603,8.6463,8.6949,0.0295,0.34,0.32,497906686.27
2018-08-07,69042319,8.7144,8.9186,8.6366,8.9186,0.2235,2.57,0.4,624359656.36
2018-08-08,57895316,8.9089,8.9089,8.7922,8.8019,-0.1168,-1.31,0.33,527526989.83
2018-08-09,80678377,8.7922,9.0937,8.7727,9.0353,0.2333,2.65,0.47,746469808.09
2018-08-10,42416836,9.0451,9.0645,8.9089,8.977,-0.0587,-0.65,0.24,391366341.57
2018-08-13,81849112,8.87,8.9089,8.656,8.8019,-0.1751,-1.95,0.47,736947790.49
2018-08-14,43024036,8.7825,8.7922,8.6949,8.7533,-0.0484,-0.55,0.25,386334617.95
2018-08-15,67044285,8.7727,8.7727,8.5101,8.549,-0.2039,-2.33,0.39,594759517.14
2018-08-16,63827255,8.4907,8.6463,8.4031,8.5393,-0.0094,-0.11,0.37,559523123.02
2018-08-17,64947656,8.6366,8.6949,8.5393,8.5685,0.029,0.34,0.37,576683267.11
2018-08-20,68132206,8.656,8.7727,8.6268,8.7533,0.1851,2.16,0.38,609934725.59
2018-08-21,126447447,8.7727,9.0061,8.763,8.977,0.2241,2.56,0.73,1163292795.24
2018-08-22,98243398,8.9867,9.084,8.8797,9.0353,0.0584,0.65,0.57,909598743.27
2018-08-23,72907462,9.0451,9.1618,8.977,9.1034,0.0678,0.75,0.42,680941392.24
2018-08-24,304040839,9.0548,9.9982,9.0353,9.755,0.6518,7.16,1.76,2995071976.81
2018-08-27,221842422,9.7453,10.1441,9.6967,10.1441,0.3892,3.99,1.27,2251527721.35
2018-08-28,128977724,10.0565,10.1441,9.9593,10.0079,-0.1359,-1.34,0.75,1331917860.95
2018-08-29,90188349,9.969,10.0468,9.8718,9.9885,-0.019,-0.19,0.52,923581546.46
2018-08-30,99491773,9.9885,10.0663,9.8037,9.8426,-0.1458,-1.46,0.57,1013877514.26
2018-08-31,131086524,9.8523,10.0371,9.8231,9.8523,0.0098,0.1,0.74,1337898869.57
2018-09-03,71169567,9.8134,10.0176,9.8134,9.9107,0.0581,0.59,0.4,725303291.73
2018-09-04,129634208,9.9204,10.2608,9.7939,10.1441,0.2339,2.36,0.74,1339756563.51
2018-09-05,117945317,10.0176,10.0468,9.7745,9.7745,-0.3692,-3.64,0.68,1202345697.97
2018-09-06,71177755,9.7745,9.862,9.6772,9.6967,-0.0782,-0.8,0.41,713975749.02
2018-09-07,80903534,9.7648,9.9009,9.6578,9.7356,0.0388,0.4,0.45,815151722.99
2018-09-10,63698929,9.7356,9.7939,9.5702,9.6092,-0.1266,-1.3,0.37,631174169.93
2018-09-11,71296751,9.6286,9.755,9.5411,9.6383,0.0288,0.3,0.41,707337570.14
2018-09-12,56482916,9.5994,9.6967,9.5508,9.6092,-0.0289,-0.3,0.33,558399563.21
2018-09-13,99972561,9.8134,9.8231,9.5702,9.687,0.0778,0.81,0.58,993389970.35
2018-09-14,61975019,9.7064,9.7064,9.5411,9.5702,-0.1162,-1.2,0.36,611422480.21
2018-09-17,51708233,9.5313,9.5313,9.4146,9.4244,-0.1455,-1.52,0.3,502609643.63
2018-09-18,112680742,9.4633,9.8426,9.4341,9.8037,0.3789,4.02,0.65,1120867543.02
2018-09-19,123154877,9.755,10.0565,9.755,9.9593,0.1559,1.59,0.71,1257191505.96
2018-09-20,62034836,9.9885,10.076,9.9107,9.9496,-0.01,-0.1,0.36,636742814.23
2018-09-21,162451841,9.9787,10.4067,9.9009,10.3775,0.4278,4.3,0.93,1707850487.8
2018-09-25,97701470,10.2316,10.3872,10.1927,10.2608,-0.1162,-1.12,0.56,1030715785.16
2018-09-26,149051343,10.3191,10.6206,10.2316,10.4164,0.156,1.52,0.86,1600626208.76
2018-09-27,88036333,10.358,10.5428,10.2802,10.4456,0.0292,0.28,0.5,942200398.62
2018-09-28,211024267,10.4845,10.961,10.4845,10.7471,0.3019,2.89,1.22,2331358288.96
2018-10-08,168635852,10.4067,10.4942,10.1635,10.1635,-0.5836,-5.43,0.97,1793455283.09
2018-10-09,106408426,10.1733,10.4067,10.1052,10.2705,0.1067,1.05,0.61,1117946550.71
2018-10-10,99520008,10.2511,10.3678,10.0954,10.1635,-0.1068,-1.04,0.57,1045666180.93
2018-10-11,199514383,9.7745,9.8815,9.4341,9.5897,-0.5743,-5.65,1.16,1994186611.8
2018-10-12,151681028,9.6967,10.0565,9.5994,10.0176,0.4277,4.46,0.88,1532651400.23
2018-10-15,140268530,10.1052,10.183,9.8134,9.8328,-0.1843,-1.84,0.81,1443043059.27
2018-10-16,139692105,9.862,10.2511,9.8426,10.0857,0.2527,2.57,0.8,1450020371.45
2018-10-17,135088983,10.2122,10.2608,9.862,10.0468,-0.0393,-0.39,0.78,1400306336.22
2018-10-18,100115605,10.0079,10.0079,9.7842,9.8134,-0.2331,-2.32,0.58,1015654821.72
2018-10-19,208366732,9.6772,10.4845,9.6481,10.465,0.6516,6.64,1.2,2173571254.62
2018-10-22,264554312,10.5137,11.1458,10.4845,10.8443,0.3788,3.62,1.53,2932714470.7
2018-10-23,160254592,10.893,10.9124,10.4359,10.5428,-0.3015,-2.78,0.92,1759265958.65
2018-10-24,182942464,10.6012,11.0194,10.5039,10.7374,0.195,1.85,1.06,2026171911.62
2018-10-25,168501136,10.5039,10.9805,10.4164,10.9805,0.2427,2.26,0.96,1855823739.15
2018-10-26,129997510,10.9805,11.0,10.6595,10.8735,-0.1065,-0.97,0.75,1448843512.3
2018-10-29,159162878,10.893,10.9319,10.3289,10.4553,-0.4186,-3.85,0.92,1725932497.61
2018-10-30,150182786,10.4845,10.7763,10.4359,10.6012,0.1464,1.4,0.87,1641371787.2
2018-10-31,115268379,10.6498,10.6887,10.4553,10.6109,0.0095,0.09,0.66,1252156775.98
2018-11-01,154277632,10.6887,10.7471,10.465,10.5331,-0.0775,-0.73,0.89,1679443449.71
2018-11-02,221292287,10.7374,10.8541,10.5331,10.786,0.2528,2.4,1.28,2439179135.98
2018-11-05,129192417,10.6498,10.7374,10.5234,10.6206,-0.165,-1.53,0.75,1409457171.3
2018-11-06,73572574,10.572,10.6304,10.4359,10.5428,-0.0775,-0.73,0.42,795322638.26
2018-11-07,78559741,10.5331,10.6498,10.4553,10.5137,-0.0295,-0.28,0.46,851487053.87
2018-11-08,79397600,10.5817,10.6693,10.5234,10.5915,0.0778,0.74,0.46,864744243.04
2018-11-09,162926917,10.4164,10.4359,10.1149,10.2608,-0.3304,-3.12,0.94,1716198382.75
2018-11-12,92033388,10.1733,10.29,10.0954,10.2705,0.0092,0.09,0.53,965756504.35
2018-11-13,107249762,10.1246,10.358,10.0954,10.2511,-0.0195,-0.19,0.62,1126736143.27
2018-11-14,77423985,10.2413,10.2608,10.1343,10.1538,-0.0974,-0.95,0.44,810357748.16
2018-11-15,90146198,10.1538,10.3483,10.1343,10.3289,0.1747,1.72,0.51,949991801.2
2018-11-16,105959259,10.3191,10.4261,10.2024,10.2802,-0.0485,-0.47,0.61,1123173219.43
2018-11-19,136088709,10.2802,10.5817,10.2802,10.5526,0.2724,2.65,0.78,1466899416.62
2018-11-20,103387753,10.4553,10.5039,10.2316,10.2802,-0.2723,-2.58,0.6,1099654683.02
2018-11-21,66615733,10.2122,10.3775,10.1927,10.3191,0.0391,0.38,0.38,705638355.22
2018-11-22,50026785,10.3775,10.3775,10.1927,10.2608,-0.0588,-0.57,0.29,527103281.19
2018-11-23,70035815,10.2413,10.29,10.0274,10.0371,-0.2237,-2.18,0.4,730667665.37
2018-11-26,51656911,10.0565,10.1733,10.0176,10.0565,0.0191,0.19,0.3,535963342.86
2018-11-27,73344838,10.0663,10.1052,9.8815,9.9009,-0.1559,-1.55,0.42,752824120.3
2018-11-28,53775145,9.8912,10.0274,9.8815,9.9982,0.097,0.98,0.31,550820246.7
2018-11-29,48528405,10.0663,10.1052,9.9107,9.9204,-0.078,-0.78,0.28,499068827.02
2018-11-30,59471532,9.9398,10.076,9.8912,10.076,0.1557,1.57,0.34,610571532.61
2018-12-03,106409717,10.2997,10.3678,10.183,10.2997,0.2237,2.22,0.61,1126374829.79
2018-12-04,53481305,10.2802,10.3289,10.2413,10.2997,0.0,0.0,0.31,565743744.88
2018-12-05,58154527,10.2024,10.2219,10.1149,10.1635,-0.136,-1.32,0.34,608133290.28
2018-12-06,57886648,10.076,10.0857,9.9496,9.969,-0.1941,-1.91,0.33,594649682.99
2018-12-07,34021615,10.0176,10.1052,9.9885,9.9982,0.0289,0.29,0.19,351101370.35
2018-12-10,49481887,9.9398,9.9885,9.8523,9.8912,-0.107,-1.07,0.29,504040653.97
2018-12-11,29908962,9.9301,9.9787,9.8912,9.9496,0.0584,0.59,0.17,305389210.46
2018-12-12,36637903,10.0176,10.0371,9.9204,9.9593,0.0099,0.1,0.21,375402863.92
2018-12-13,79084521,9.969,10.1927,9.9204,10.1052,0.1454,1.46,0.46,819920689.17
2018-12-14,52667513,10.0565,10.0663,9.8815,9.8912,-0.2142,-2.12,0.3,539263012.14
2018-12-17,57127487,9.8815,10.0468,9.8231,10.0079,0.1167,1.18,0.33,584679512.21
2018-12-18,53774430,9.9204,10.0371,9.8231,9.8426,-0.1651,-1.65,0.31,547157562.78
2018-12-19,59800701,9.862,9.9009,9.6286,9.6675,-0.1752,-1.78,0.34,600090171.18
2018-12-20,99028479,9.6481,9.6967,9.366,9.4438,-0.2233,-2.31,0.57,964202861.12
2018-12-21,100061676,9.4146,9.4341,9.0742,9.1909,-0.2531,-2.68,0.58,944460332.35
2018-12-24,50911767,9.1423,9.1909,9.0548,9.1618,-0.0294,-0.32,0.29,477186904.75
2018-12-25,58661545,9.0353,9.1715,8.9575,9.084,-0.0779,-0.85,0.34,545235607.85
2018-12-26,42114060,9.0937,9.1618,9.0159,9.0451,-0.0391,-0.43,0.24,393215140.97
2018-12-27,62459327,9.1909,9.2298,9.0256,9.0256,-0.0199,-0.22,0.36,586343755.03
2018-12-28,57660400,9.0548,9.2007,9.0548,9.1229,0.0975,1.08,0.33,541571004.8
2019-01-02,53938632,9.1326,9.1618,8.9089,8.9381,-0.1852,-2.03,0.31,498695109.0
2019-01-03,41553795,8.9283,9.0742,8.8992,9.0256,0.0876,0.98,0.24,384457707.0
2019-01-04,148115906,8.9867,9.5508,8.9672,9.4827,0.4567,5.06,0.85,1422149888.0
2019-01-07,86568766,9.5702,9.58,9.366,9.473,-0.0095,-0.1,0.5,841166430.0
2019-01-08,40238811,9.4633,9.473,9.3563,9.3952,-0.0777,-0.82,0.23,389247795.0
2019-01-09,123348636,9.473,9.8037,9.4341,9.6675,0.2725,2.9,0.72,1229465116.0
2019-01-10,107181766,9.5994,9.9204,9.5897,9.8231,0.1556,1.61,0.62,1079711035.0
2019-01-11,69636455,9.8328,9.9398,9.7745,9.9204,0.0972,0.99,0.4,708001802.0
2019-01-14,50044359,9.9398,9.969,9.7939,9.8328,-0.0873,-0.88,0.29,507862882.0
2019-01-15,54216055,9.8328,9.9982,9.8134,9.9593,0.1268,1.29,0.31,553027309.0
2019-01-16,97769937,9.9593,10.2122,9.9496,10.1927,0.2331,2.34,0.57,1017495116.0
2019-01-17,88281192,10.2511,10.2802,9.8912,9.969,-0.2232,-2.19,0.51,910212066.0
2019-01-18,73879326,10.0565,10.2024,9.9982,10.1441,0.1754,1.76,0.43,769973637.0
2019-01-21,65935576,10.0565,10.183,10.0371,10.0565,-0.0872,-0.86,0.38,684465646.0
2019-01-22,42441357,10.0565,10.1538,9.9787,9.9982,-0.0583,-0.58,0.24,438991450.0
2019-01-23,53787663,10.0079,10.183,10.0079,10.0663,0.068,0.68,0.31,559384396.0
2019-01-24,67924088,10.1149,10.2608,10.0857,10.2316,0.1651,1.64,0.39,711495718.0
2019-01-25,210836185,10.2705,10.7374,10.2608,10.6984,0.4666,4.56,1.22,2299718224.0
2019-01-28,103590980,10.7374,10.8346,10.5817,10.6401,-0.0588,-0.55,0.6,1141853833.0
2019-01-29,82663110,10.6595,10.7665,10.4748,10.6984,0.0585,0.55,0.48,904847854.0
2019-01-30,71200101,10.6498,10.8735,10.5623,10.6498,-0.0481,-0.45,0.4,785204571.0
2019-01-31,83162275,10.679,10.893,10.6401,10.7957,0.1459,1.37,0.48,922602874.0
2019-02-01,101427007,10.893,10.9416,10.6595,10.893,0.0972,0.9,0.58,1127216186.0
2019-02-11,80193663,10.7763,10.9027,10.6693,10.9027,0.0098,0.09,0.46,889951528.0
2019-02-12,95993690,10.893,11.0,10.7276,10.8832,-0.0196,-0.18,0.55,1071873084.0
2019-02-13,113736574,10.8832,11.0972,10.8152,11.068,0.185,1.7,0.66,1280182096.0
2019-02-14,86918519,10.9902,11.0194,10.8832,10.9416,-0.1262,-1.14,0.5,977818097.0
2019-02-15,110012746,10.9221,10.9221,10.6012,10.6498,-0.2922,-2.67,0.64,1213914428.0
2019-02-18,125552221,10.7471,11.0486,10.7374,11.0486,0.3983,3.74,0.72,1408279680.0
2019-02-19,127088204,11.0486,11.3015,10.9319,10.961,-0.0873,-0.79,0.74,1445281382.0
2019-02-20,83262987,11.0194,11.2139,10.9416,11.0972,0.1359,1.24,0.48,949430819.0
2019-02-21,75424648,11.068,11.2334,10.9708,11.0486,-0.0488,-0.44,0.44,860591070.0
2019-02-22,118404779,11.0389,11.2528,10.8443,11.2236,0.1746,1.58,0.68,1343020336.0
2019-02-25,282493502,11.3793,12.2935,11.2528,12.206,0.9821,8.75,1.63,3415946860.0
2019-02-26,201754493,12.206,12.2254,11.8169,11.8656,-0.3406,-2.79,1.17,2485673356.0
2019-02-27,197901388,11.9045,12.3129,11.8169,12.0601,0.1946,1.64,1.14,2454404411.0
2019-02-28,111309980,12.099,12.2643,11.9336,12.0212,-0.0386,-0.32,0.64,1383110810.0
2019-03-01,171267916,12.1379,12.4297,11.8656,12.4102,0.3895,3.24,0.97,2137669556.0
2019-03-04,245683039,12.3518,13.0132,12.274,12.6339,0.2234,1.8,1.43,3195011702.0
2019-03-05,140842222,12.5561,12.9257,12.488,12.702,0.0682,0.54,0.82,1838251656.0
2019-03-06,124576020,12.702,12.7895,12.488,12.7214,0.0191,0.15,0.71,1614670974.0
2019-03-07,178205731,12.702,12.702,12.206,12.3907,-0.3308,-2.6,1.03,2274151007.0
2019-03-08,177816210,12.1476,12.3518,11.9142,11.9628,-0.4275,-3.45,1.02,2214572416.0
2019-03-11,115765077,11.9628,12.1476,11.7197,11.9823,0.0191,0.16,0.67,1416000379.0
2019-03-12,141179492,12.1476,12.2935,11.9045,12.0212,0.0383,0.32,0.82,1757797250.0
2019-03-13,126942716,12.0017,12.206,11.7975,12.0309,0.0096,0.08,0.73,1568387543.0
2019-03-14,105746790,11.992,12.274,11.9336,12.0892,0.0589,0.49,0.61,1316372926.0
2019-03-15,104540603,12.0017,12.3324,12.0017,12.1573,0.0677,0.56,0.6,1311323009.0
2019-03-18,148645480,12.1865,12.5853,11.9823,12.5561,0.3988,3.28,0.85,1882483633.0
2019-03-19,95719646,12.5658,12.5853,12.2643,12.4394,-0.1168,-0.93,0.54,1221118294.0
2019-03-20,92999638,12.3324,12.5269,12.274,12.4005,-0.0386,-0.31,0.54,1185477058.0
2019-03-21,86014080,12.4199,12.4491,12.2351,12.3421,-0.0583,-0.47,0.49,1092506482.0
2019-03-22,71350206,12.3421,12.3907,12.1573,12.2449,-0.0975,-0.79,0.41,898629416.0
2019-03-25,117988326,12.0601,12.0601,11.7683,11.778,-0.4665,-3.81,0.68,1445560160.0
2019-03-26,93539327,11.8947,11.9531,11.6808,11.7683,-0.0094,-0.08,0.54,1136721266.0
2019-03-27,92282680,11.9045,12.1282,11.8461,12.0406,0.2719,2.31,0.53,1138302657.0
2019-03-28,73246744,11.9725,11.9725,11.7683,11.885,-0.1553,-1.29,0.42,892530627.0
2019-03-29,166950647,11.9239,12.4686,11.8753,12.4686,0.5836,4.91,0.94,2108295393.0
2019-04-01,195140119,12.4783,13.1785,12.4783,12.8187,0.3504,2.81,1.13,2588268668.0
2019-04-02,110038404,12.9159,13.1105,12.8673,12.9938,0.1756,1.37,0.63,1466040987.0
2019-04-03,79291579,12.8479,13.0813,12.7895,13.0716,0.078,0.6,0.45,1056166231.0
2019-04-04,203436500,13.0618,13.6162,13.0618,13.48,0.4091,3.13,1.18,2796366353.0
2019-04-08,174317620,13.5189,14.0344,13.3439,13.5773,0.0971,0.72,1.01,2464536241.0
2019-04-09,78133238,13.4898,13.5968,13.3731,13.4314,-0.1453,-1.07,0.45,1080549202.0
2019-04-10,94713506,13.3731,13.4995,13.0327,13.3536,-0.0779,-0.58,0.55,1289475602.0
2019-04-11,65535662,13.3536,13.5773,13.1202,13.1688,-0.1843,-1.38,0.38,897382236.0
2019-04-12,77432464,13.1202,13.2174,12.8479,13.0521,-0.1172,-0.89,0.45,1035139673.0
2019-04-15,153389068,13.3439,13.7037,13.2855,13.3147,0.2624,2.01,0.89,2134708981.0
2019-04-16,237937518,13.2953,14.1803,13.1785,14.1803,0.8655,6.5,1.37,3379550307.0
2019-04-17,100410987,14.0247,14.19,13.8399,13.9566,-0.2241,-1.58,0.58,1443493493.0
2019-04-18,50704530,13.908,13.9761,13.7232,13.9469,-0.0098,-0.07,0.29,721908800.0
2019-04-19,124603609,14.0539,14.3943,13.908,14.3262,0.3794,2.72,0.71,1814875936.0
2019-04-22,132227390,14.1998,14.4332,13.694,13.7621,-0.5645,-3.94,0.77,1899850004.0
2019-04-23,94068734,13.7135,13.8107,13.587,13.6843,-0.0784,-0.57,0.54,1326465625.0
2019-04-24,194972363,14.0539,14.1998,13.7718,14.0441,0.3599,2.63,1.13,2811131027.0
2019-04-25,111147637,13.9858,14.2387,13.7426,13.7426,-0.302,-2.15,0.64,1597895217.0
2019-04-26,100942124,13.694,13.8594,13.3244,13.412,-0.3312,-2.41,0.59,1407987365.0
2019-04-29,103069575,13.5189,13.9372,13.48,13.7135,0.3018,2.25,0.6,1450714134.0
2019-04-30,111657027,13.6065,13.6648,13.2174,13.4703,-0.2427,-1.77,0.64,1542958577.0
2019-05-06,210866784,12.7409,12.984,12.3616,12.5172,-0.9537,-7.08,1.22,2742409411.0
2019-05-07,107265841,12.6728,12.7312,12.3713,12.595,0.0776,0.62,0.62,1386247078.0
2019-05-08,97545081,12.3713,12.5561,12.1573,12.2546,-0.3401,-2.7,0.56,1236655982.0
2019-05-09,155715161,12.1768,12.2351,11.7197,11.8266,-0.4277,-3.49,0.9,1904905488.0
2019-05-10,119239908,12.0017,12.4005,11.7683,12.3324,0.5062,4.28,0.69,1489975624.0
2019-05-13,74191779,11.992,12.1962,11.8947,11.9628,-0.37,-3.0,0.43,916213719.0
2019-05-14,118259819,11.8656,12.4005,11.8266,12.1476,0.1842,1.54,0.69,1477008362.0
2019-05-15,110398851,12.2351,12.7506,12.2254,12.5658,0.4179,3.44,0.64,1417050112.0
2019-05-16,63490143,12.5755,12.6339,12.4297,12.4977,-0.0679,-0.54,0.37,816740932.0
2019-05-17,96500085,12.5658,12.5755,12.0212,12.099,-0.3987,-3.19,0.56,1208569909.0
2019-05-20,78643518,12.0114,12.1962,11.9142,12.0406,-0.0581,-0.48,0.45,971222474.0
2019-05-21,73121051,12.0601,12.381,12.0212,12.2157,0.1746,1.45,0.42,919191240.0
2019-05-22,50623072,12.2254,12.2254,11.9823,12.0601,-0.1551,-1.27,0.29,628437470.0
2019-05-23,66685543,11.9045,12.0795,11.8072,11.9531,-0.1073,-0.89,0.39,817850530.0
2019-05-24,49552620,12.0114,12.1087,11.9725,12.0114,0.0586,0.49,0.29,613106248.0
2019-05-27,104842598,11.8753,12.0795,11.603,12.0309,0.0192,0.16,0.61,1275632724.0
2019-05-28,88070312,11.9725,12.206,11.9239,12.1476,0.1167,0.97,0.48,1094063186.0
2019-05-29,66641150,12.0212,12.2449,11.9239,12.0601,-0.0875,-0.72,0.38,827828661.0
2019-05-30,64628465,11.9823,12.0406,11.778,11.885,-0.1749,-1.45,0.37,787801007.0
2019-05-31,68679439,11.8266,12.0601,11.778,11.8461,-0.0392,-0.33,0.39,839375709.0
2019-06-03,151271905,11.885,11.992,11.496,11.5738,-0.2725,-2.3,0.87,1816591876.0
2019-06-04,97465534,11.5641,11.6127,11.282,11.5251,-0.0486,-0.42,0.56,1147709578.0
2019-06-05,74889231,11.6419,11.8072,11.5932,11.6419,0.1164,1.01,0.43,899331716.0
2019-06-06,43366526,11.6419,11.7391,11.5641,11.5932,-0.0489,-0.42,0.25,519425127.0
2019-06-10,114466882,11.6808,12.1282,11.6516,12.0017,0.4081,3.52,0.66,1404223620.0
2019-06-11,125108751,12.0017,12.3713,11.9628,12.3032,0.3012,2.51,0.72,1574105212.0
2019-06-12,65731018,12.2838,12.3129,12.099,12.2254,-0.0775,-0.63,0.38,825178004.0
2019-06-13,53000026,12.1962,12.3324,12.0892,12.2449,0.0196,0.16,0.31,666277695.0
2019-06-14,48319173,12.2449,12.3421,12.1087,12.1476,-0.0967,-0.79,0.28,606815214.0
2019-06-17,61981588,12.1379,12.4394,12.1379,12.3227,0.1749,1.44,0.36,786223580.0
2019-06-18,48355512,12.3227,12.4977,12.2449,12.4491,0.1269,1.03,0.28,616237571.0
2019-06-19,114322639,12.9257,13.0229,12.6533,12.7117,0.2627,2.11,0.66,1504997837.0
2019-06-20,152919147,12.809,13.5676,12.7603,13.4217,0.7106,5.59,0.89,2083209238.0
2019-06-21,101112915,13.3828,13.4898,13.2077,13.2661,-0.1557,-1.16,0.57,1384099587.0
2019-06-24,65957285,13.3147,13.4509,13.2369,13.3147,0.0491,0.37,0.38,904433349.0
2019-06-25,146922707,13.3439,13.3439,12.7117,13.0618,-0.253,-1.9,0.85,1954855785.0
2019-06-26,54337176,13.0469,13.273,12.9682,13.1452,0.0784,0.6,0.32,727018461.0
2019-06-27,92507494,13.273,13.6171,13.2239,13.4795,0.3339,2.54,0.53,1270042461.0
2019-06-28,49809369,13.4992,13.5582,13.3517,13.5483,0.0687,0.51,0.29,682679970.0
2019-07-01,96063600,13.7745,13.9416,13.6368,13.6958,0.1477,1.09,0.55,1347792874.0
2019-07-02,105274486,13.6466,14.0006,13.627,13.9416,0.2452,1.79,0.61,1481211353.0
2019-07-03,76907849,13.9416,13.9711,13.6368,13.7745,-0.1673,-1.2,0.44,1076744400.0
2019-07-04,62129252,13.7745,14.0399,13.6466,13.7548,-0.0193,-0.14,0.36,873624287.0
2019-07-05,74919609,13.7155,13.745,13.4598,13.686,-0.0688,-0.5,0.44,1037357175.0
2019-07-08,77841390,13.5877,13.6466,13.2239,13.3615,-0.3244,-2.37,0.45,1061095712.0
2019-07-09,49429611,13.4008,13.4795,13.214,13.3615,0.0,0.0,0.29,670391720.0
2019-07-10,35822079,13.3812,13.4697,13.2632,13.332,-0.0294,-0.22,0.21,487071876.0
2019-07-11,48418314,13.45,13.5483,13.3025,13.3124,-0.02,-0.15,0.28,660588299.0
2019-07-12,146536652,13.3713,13.9908,13.3517,13.8826,0.5698,4.28,0.85,2055749881.0
2019-07-15,84128276,13.7941,13.8826,13.6073,13.7646,-0.118,-0.85,0.49,1175798104.0
2019-07-16,72278079,13.7351,13.7548,13.4795,13.5188,-0.2464,-1.79,0.42,998151578.0
2019-07-17,41002063,13.4697,13.5778,13.3812,13.4598,-0.0595,-0.44,0.24,561944451.0
2019-07-18,42282622,13.4205,13.5778,13.332,13.4402,-0.0202,-0.15,0.25,578067487.0
2019-07-19,86639070,13.509,13.8433,13.45,13.7548,0.3145,2.34,0.5,1207316526.0
2019-07-22,58228330,13.7253,13.7843,13.5287,13.6171,-0.1375,-1.0,0.34,807249426.0
2019-07-23,50400423,13.627,13.6368,13.4205,13.5287,-0.0885,-0.65,0.29,692328447.0
2019-07-24,57027622,13.6368,13.7745,13.5582,13.6466,0.1177,0.87,0.33,793387782.0
2019-07-25,108782641,13.686,14.0301,13.6171,13.9613,0.3152,2.31,0.63,1534889645.0
2019-07-26,63530571,13.9416,14.0104,13.8433,13.9908,0.0293,0.21,0.37,901074107.0
2019-07-29,71557619,14.0104,14.2071,13.9416,14.0497,0.0588,0.42,0.42,1023261763.0
2019-07-30,79663432,14.0694,14.3054,14.0497,14.1284,0.0787,0.56,0.46,1148582412.0
2019-07-31,63472348,14.0596,14.0792,13.8433,13.8924,-0.2359,-1.67,0.37,899227865.0
2019-08-01,52798128,13.8236,13.9514,13.7056,13.8629,-0.0292,-0.21,0.31,742308285.0
2019-08-02,96992646,13.5385,13.6466,13.4303,13.509,-0.3535,-2.55,0.56,1333400773.0
2019-08-05,89308242,13.3713,13.4107,13.0469,13.1256,-0.3837,-2.84,0.52,1201885399.0
2019-08-06,88249913,12.8798,13.2337,12.8109,13.1452,0.0197,0.15,0.51,1166971469.0
2019-08-07,79303899,13.2632,13.4107,13.1452,13.3124,0.1669,1.27,0.46,1070736943.0
2019-08-08,233071504,13.6663,14.2562,13.6171,14.1382,0.8254,6.2,1.36,3313302100.0
2019-08-09,206057513,14.3054,14.6003,14.1874,14.2759,0.1371,0.97,1.2,3021884306.0
2019-08-12,273342547,14.3644,14.8658,14.3545,14.8658,0.5896,4.13,1.59,4084497902.0
2019-08-13,129373644,14.7478,14.8265,14.4922,14.6397,-0.226,-1.52,0.75,1925835288.0
2019-08-14,136054654,14.8855,14.9641,14.5512,14.7183,0.0791,0.54,0.79,2038261151.0
2019-08-15,89737626,14.3939,14.7085,14.3545,14.6888,-0.0294,-0.2,0.52,1333117725.0
2019-08-16,98690293,14.8363,14.8855,14.5315,14.6495,-0.0397,-0.27,0.57,1474900257.0
2019-08-19,229295613,14.6593,14.6888,14.2759,14.6692,0.019,0.13,1.34,3368207935.0
2019-08-20,192104150,14.6692,14.9444,14.5217,14.738,0.0689,0.47,1.12,2872304200.0
2019-08-21,199013195,14.62,14.6397,14.1382,14.2071,-0.5306,-3.6,1.16,2902251100.0
2019-08-22,135307158,14.1579,14.2071,13.9613,14.0694,-0.1378,-0.97,0.79,1935208499.0
2019-08-23,163686768,14.1284,14.4922,14.1087,14.4037,0.3348,2.38,0.95,2388239081.0
2019-08-26,141512254,14.1776,14.2562,13.9121,14.0104,-0.3932,-2.73,0.82,2018498039.0
2019-08-27,135671337,14.1186,14.2366,14.0006,14.0694,0.0588,0.42,0.79,1948127123.0
2019-08-28,82965768,14.0203,14.0399,13.8138,14.0301,-0.0394,-0.28,0.48,1176329095.0
2019-08-29,60903434,13.9809,14.0006,13.8433,13.8924,-0.1375,-0.98,0.35,861177482.0
2019-08-30,79850057,14.0497,14.1481,13.8629,13.9219,0.0292,0.21,0.47,1136119659.0
2019-09-02,136020130,13.9121,14.2562,13.8728,14.2071,0.2854,2.05,0.79,1955673136.0
2019-09-03,85865365,14.2366,14.2661,14.0104,14.0596,-0.1478,-1.04,0.5,1230606485.0
2019-09-04,97396487,14.0792,14.2562,14.0694,14.1972,0.1378,0.98,0.57,1404037295.0
2019-09-05,176805143,14.3152,14.6003,14.3054,14.3349,0.1377,0.97,1.03,2599478258.0
2019-09-06,98643280,14.4627,14.561,14.3742,14.561,0.2265,1.58,0.57,1451264912.0
2019-09-09,129983914,14.7281,14.7478,14.3545,14.443,-0.1179,-0.81,0.76,1918042303.0
2019-09-10,79687064,14.3545,14.3939,14.1677,14.3054,-0.1372,-0.95,0.46,1155180739.0
2019-09-11,81861421,14.3545,14.4627,14.2169,14.3152,0.01,0.07,0.48,1192674258.0
2019-09-12,115068764,14.4135,14.5315,14.2857,14.4332,0.1174,0.82,0.67,1682911849.0
2019-09-16,92989414,14.4529,14.4725,14.1579,14.2071,-0.2266,-1.57,0.54,1349401481.0
2019-09-17,88265575,14.1186,14.2071,13.9416,14.0006,-0.206,-1.45,0.51,1261416554.0
2019-09-18,82043633,14.0006,14.2366,14.0006,14.1677,0.1666,1.19,0.48,1179079988.0
2019-09-19,188402083,14.2366,14.6397,14.2366,14.5905,0.4222,2.98,1.1,2777383508.0
2019-09-20,264428514,14.6987,15.1411,14.679,15.0821,0.4917,3.37,1.54,4020646521.0
2019-09-23,140328200,15.0821,15.2099,14.9248,15.1214,0.0392,0.26,0.82,2148740448.0
2019-09-24,112910324,15.2099,15.2787,14.9248,14.9248,-0.1966,-1.3,0.66,1726238272.0
2019-09-25,193889272,14.9444,15.5835,14.9346,15.4852,0.5597,3.75,1.03,3024598930.0
2019-09-26,168659258,15.5934,15.7703,15.3967,15.4459,-0.0387,-0.25,0.89,2673096951.0
2019-09-27,100770627,15.5835,15.731,15.436,15.6327,0.1869,1.21,0.52,1598567052.0
2019-09-30,104636317,15.4852,15.6228,15.3082,15.3279,-0.3048,-1.95,0.54,1645828526.0
2019-10-08,138667636,15.3377,15.9571,15.3377,15.9276,0.5993,3.91,0.71,2225024598.0
2019-10-09,131669341,15.8293,16.2423,15.7507,15.9768,0.0494,0.31,0.68,2145061763.0
2019-10-10,87974662,15.9965,15.9965,15.7212,15.967,-0.0096,-0.06,0.45,1418751875.0
2019-10-11,140542282,15.9276,16.665,15.9276,16.5274,0.5604,3.51,0.72,2335030599.0
2019-10-14,155763745,16.6847,17.3041,16.6355,16.9305,0.4033,2.44,0.8,2688929547.0
2019-10-15,88195542,16.96,17.0583,16.5372,16.8912,-0.0389,-0.23,0.45,1503633369.0
2019-10-16,126767121,16.9698,17.1468,16.3504,16.5077,-0.3834,-2.27,0.65,2146150627.0
2019-10-17,112618222,16.6159,16.7142,16.2718,16.4192,-0.0891,-0.54,0.58,1887045621.0
2019-10-18,119679914,16.5175,16.7535,16.1538,16.2324,-0.1872,-1.14,0.62,1999012671.0
2019-10-21,94595225,16.1538,16.6847,16.1538,16.606,0.3734,2.3,0.49,1589276085.0
2019-10-22,188353143,16.6257,16.6454,15.7605,16.1439,-0.4616,-2.78,0.97,3072547165.0
2019-10-23,96753459,16.0456,16.3897,15.9571,16.1734,0.0291,0.18,0.5,1590781971.0
2019-10-24,110921477,16.2226,16.7142,16.1636,16.5864,0.4124,2.55,0.57,1861032918.0
2019-10-25,69143576,16.4979,16.6749,16.3012,16.5962,0.01,0.06,0.36,1161100080.0
2019-10-28,107013113,16.6945,16.7535,16.2029,16.3799,-0.2157,-1.3,0.55,1780873358.0
2019-10-29,78886473,16.4094,16.6454,16.2816,16.6257,0.2457,1.5,0.41,1322036352.0
2019-10-30,85431717,16.5175,16.6749,16.1439,16.1538,-0.4722,-2.84,0.44,1420644944.0
2019-10-31,86256930,16.1439,16.1931,15.967,15.9866,-0.1664,-1.03,0.44,1407006434.0
2019-11-01,125465544,16.0751,16.7142,16.0063,16.5765,0.5899,3.69,0.65,2096068960.0
2019-11-04,88982425,16.6945,16.96,16.4881,16.6355,0.0597,0.36,0.46,1507910818.0
2019-11-05,117248589,16.5175,17.1468,16.5077,16.8617,0.2262,1.36,0.6,2010924199.0
2019-11-06,86332536,16.7732,16.9698,16.5962,16.6749,-0.1872,-1.11,0.44,1470233502.0
2019-11-07,71189699,16.6454,16.783,16.4684,16.606,-0.0684,-0.41,0.37,1200671649.0
2019-11-08,84913924,16.6945,16.7339,16.3602,16.3701,-0.2358,-1.42,0.44,1421088326.0
2019-11-11,95351563,16.2226,16.2521,15.9276,16.0063,-0.3634,-2.22,0.49,1556517253.0
2019-11-12,51626640,16.0161,16.0948,15.8883,16.0555,0.0496,0.31,0.27,840769286.0
2019-11-13,65512065,16.0161,16.1833,15.79,16.0555,0.0,0.0,0.34,1067975601.0
2019-11-14,46889955,16.1538,16.2029,15.9768,16.0456,-0.0096,-0.06,0.24,767006342.0
2019-11-15,56922798,16.1144,16.2718,15.967,16.0653,0.0193,0.12,0.29,933539572.0
2019-11-18,55791841,16.0751,16.2718,15.9571,16.1734,0.1076,0.67,0.29,915983935.0
2019-11-19,56212040,16.1734,16.2029,16.0358,16.1341,-0.0388,-0.24,0.29,920998203.0
2019-11-20,172438353,16.026,16.026,15.5049,15.5835,-0.5502,-3.41,0.89,2747598383.0
2019-11-21,77256324,15.4852,15.6032,15.3672,15.5934,0.0094,0.06,0.4,1218516399.0
2019-11-22,77347354,15.6228,15.6523,15.2886,15.3279,-0.2651,-1.7,0.4,1216064537.0
2019-11-25,78325794,15.3771,15.5737,15.2787,15.5344,0.2069,1.35,0.4,1233388886.0
2019-11-26,81529753,15.6228,15.6228,15.2296,15.3574,-0.1771,-1.14,0.42,1271594662.0
2019-11-27,47616998,15.3771,15.3771,15.1313,15.2099,-0.1474,-0.96,0.25,736584294.0
2019-11-28,37801651,15.2099,15.2787,15.1804,15.2296,0.0198,0.13,0.19,585252046.0
2019-11-29,65386691,15.2787,15.2886,14.9248,15.0329,-0.1965,-1.29,0.34,1001451096.0
2019-12-02,55387738,15.0919,15.1706,14.9739,15.1018,0.0692,0.46,0.29,849784129.0
2019-12-03,45541805,15.0428,15.2001,14.9543,15.1902,0.0891,0.59,0.23,700293548.0
2019-12-04,52454527,15.0821,15.1509,14.9543,15.0526,-0.1382,-0.91,0.27,802110334.0
2019-12-05,55708446,15.0919,15.2197,15.0428,15.1706,0.1174,0.78,0.29,857682575.0
2019-12-06,71261524,15.2099,15.4557,15.2001,15.3377,0.1669,1.1,0.37,1109423061.0
2019-12-09,60599289,15.3574,15.3574,15.0919,15.1509,-0.1871,-1.22,0.31,935135952.0
2019-12-10,55638388,15.1018,15.1214,14.9936,15.0723,-0.0788,-0.52,0.29,851377532.0
2019-12-11,87150519,15.1214,15.4164,15.0428,15.3967,0.3241,2.15,0.45,1351786530.0
2019-12-12,47899882,15.3967,15.4065,15.2689,15.3377,-0.0585,-0.38,0.25,747519511.0
2019-12-13,105310381,15.5835,15.849,15.5049,15.849,0.5108,3.33,0.53,1680707282.0
2019-12-16,78795234,15.849,15.8686,15.6032,15.8588,0.0095,0.06,0.4,1262802471.0
2019-12-17,120310490,15.731,16.3504,15.7113,16.2226,0.3632,2.29,0.62,1969891323.0
2019-12-18,79709133,16.1538,16.3799,16.1341,16.1833,-0.0389,-0.24,0.41,1317608543.0
2019-12-19,67553676,16.2718,16.4586,16.1636,16.2718,0.089,0.55,0.35,1119925969.0
2019-12-20,64447838,16.2718,16.3996,16.1636,16.3111,0.0391,0.24,0.33,1067869779.0
2019-12-23,71579272,16.3996,16.3996,15.8981,15.967,-0.3442,-2.11,0.37,1173372080.0
2019-12-24,45912842,15.9571,16.2226,15.9571,16.1243,0.1581,0.99,0.24,752351618.0
2019-12-25,41491798,16.1734,16.2816,15.967,16.026,-0.0984,-0.61,0.21,679664596.0
2019-12-26,37203386,16.0653,16.2029,16.0456,16.1931,0.1667,1.04,0.19,610381757.0
2019-12-27,104257472,16.2521,16.6454,16.1538,16.3504,0.1571,0.97,0.54,1741473179.0
2019-12-30,97697031,16.1833,16.3504,15.8293,16.2914,-0.0589,-0.36,0.5,1603152786.0
2019-12-31,70444225,16.2914,16.3504,16.0358,16.1734,-0.1173,-0.72,0.36,1154704348.0
2020-01-02,153023187,16.3701,16.665,16.2718,16.5864,0.4124,2.55,0.78,2571196482.0
2020-01-03,111619481,16.6552,17.019,16.6355,16.8912,0.3052,1.84,0.57,1914495474.0
2020-01-06,86208350,16.724,17.0485,16.6257,16.783,-0.1081,-0.64,0.44,1477930193.0
2020-01-07,72860756,16.842,16.9895,16.665,16.8617,0.0789,0.47,0.38,1247047135.0
2020-01-08,84782412,16.7142,16.7633,16.3504,16.3799,-0.4823,-2.86,0.43,1423608811.0
2020-01-09,103163665,16.5274,16.6454,16.2521,16.5077,0.1278,0.78,0.52,1725326806.0
2020-01-10,58554845,16.5077,16.5274,16.2423,16.4094,-0.0991,-0.6,0.3,975154818.0
2020-01-13,87213336,16.4684,16.7437,16.3307,16.7044,0.2954,1.8,0.45,1468271683.0
2020-01-14,130449366,16.7044,16.9796,16.4782,16.4782,-0.2255,-1.35,0.67,2217608852.0
2020-01-15,85943912,16.5077,16.5765,16.1734,16.2423,-0.2356,-1.43,0.44,1424889228.0
2020-01-16,102810467,16.2423,16.2914,15.9276,16.0555,-0.1868,-1.15,0.53,1678888507.0
2020-01-17,60543669,16.1046,16.2718,16.0751,16.1144,0.0594,0.37,0.31,995909007.0
2020-01-20,74607475,16.1538,16.3307,16.0751,16.1734,0.0596,0.37,0.38,1226464649.0
2020-01-21,89660310,16.0653,16.0653,15.6622,15.731,-0.4432,-2.74,0.46,1442171431.0
2020-01-22,71946491,15.6523,15.8883,15.4459,15.8195,0.0881,0.56,0.37,1150933398.0
2020-01-23,110059207,15.6523,15.6523,15.1313,15.2787,-0.541,-3.42,0.56,1723394336.0
2020-02-03,225919483,13.7548,14.4529,13.7548,13.7548,-1.5232,-9.97,1.16,3201454164.0
2020-02-04,170617207,13.8138,14.4135,13.7843,14.3545,0.5997,4.36,0.88,2442932842.0
2020-02-05,149138021,14.3447,14.6397,14.0792,14.384,0.0301,0.21,0.76,2177632043.0
2020-02-06,118581572,14.561,14.62,14.2661,14.5217,0.1381,0.96,0.6,1740107625.0
2020-02-07,92485296,14.3545,14.443,14.1677,14.3742,-0.1481,-1.02,0.47,1345053255.0
2020-02-10,133949524,14.2661,14.2857,14.0596,14.2562,-0.1179,-0.82,0.68,1931983482.0
2020-02-11,140750744,14.3545,14.6888,14.3152,14.5413,0.2851,2.0,0.72,2077194138.0
2020-02-12,107050321,14.5413,14.5708,14.3545,14.5217,-0.0204,-0.14,0.55,1573229042.0
2020-02-13,101320528,14.4627,14.6298,14.3644,14.4037,-0.1176,-0.81,0.52,1491327713.0
2020-02-14,151243473,14.502,14.8855,14.4529,14.7773,0.3731,2.59,0.77,2253906452.0
2020-02-17,154369601,14.7871,15.1116,14.679,15.1116,0.334,2.26,0.8,2337993586.0
2020-02-18,97361235,15.0723,15.0723,14.7576,14.9444,-0.1677,-1.11,0.5,1478274222.0
2020-02-19,87410693,14.8461,15.1116,14.8265,14.9838,0.0389,0.26,0.44,1333730218.0
2020-02-20,123544434,15.0133,15.3574,14.8461,15.3279,0.3446,2.3,0.62,1897923029.0
2020-02-21,99507102,15.2296,15.4557,15.1902,15.3181,-0.0092,-0.06,0.51,1546692930.0
2020-02-24,119179450,15.2001,15.2001,14.8953,14.9739,-0.3447,-2.25,0.61,1820183854.0
2020-02-25,114457502,14.7478,14.8756,14.5315,14.7871,-0.1872,-1.25,0.59,1710369786.0
2020-02-26,117659915,14.5217,15.0133,14.4529,14.738,-0.0488,-0.33,0.6,1769612245.0
2020-02-27,97527090,14.7085,14.8953,14.6397,14.856,0.1179,0.8,0.49,1464605739.0
2020-02-28,130064445,14.6003,14.7871,14.2169,14.2562,-0.6002,-4.04,0.64,1906892413.0
2020-03-02,111658066,14.3054,14.6987,14.2169,14.5413,0.2851,2.0,0.58,1647432269.0
2020-03-03,115358432,14.7085,14.738,14.384,14.4725,-0.0683,-0.47,0.59,1705816271.0
2020-03-04,86259523,14.4332,14.5315,14.2661,14.443,-0.0289,-0.2,0.44,1261123063.0
2020-03-05,268660234,14.5512,15.3771,14.4824,15.1313,0.6889,4.77,1.37,4089493523.0
2020-03-06,122853103,14.9248,15.0133,14.7675,14.7773,-0.3541,-2.34,0.62,1858691259.0
2020-03-09,166579354,14.4627,14.4824,14.1776,14.2071,-0.5704,-3.86,0.85,2420392130.0
2020-03-10,116786497,14.1382,14.6003,14.1382,14.5118,0.3054,2.15,0.6,1709084565.0
2020-03-11,81438164,14.5217,14.6298,14.3742,14.443,-0.0682,-0.47,0.42,1201250682.0
2020-03-12,98649711,14.4037,14.5905,14.2857,14.4332,-0.0101,-0.07,0.5,1447436641.0
2020-03-13,116976580,13.6663,14.3349,13.6663,14.2759,-0.1573,-1.09,0.59,1669009835.0
2020-03-16,140620218,14.2071,14.2169,13.5188,13.5188,-0.7566,-5.3,0.72,1975824191.0
2020-03-17,117784906,13.5188,13.7351,12.9093,13.1845,-0.3339,-2.47,0.6,1582506075.0
2020-03-18,138478437,13.1845,13.3222,12.4373,12.4963,-0.6882,-5.22,0.71,1816836893.0
2020-03-19,189145713,12.4668,12.5258,11.7098,12.0244,-0.4724,-3.78,0.97,2313863663.0
2020-03-20,157835296,12.1915,12.4668,12.0539,12.3095,0.285,2.37,0.79,1967487818.0
2020-03-23,107111364,11.7982,12.1424,11.7294,11.9457,-0.3644,-2.96,0.55,1300469494.0
2020-03-24,118020026,12.1915,12.4668,12.0637,12.398,0.4527,3.79,0.6,1472909399.0
2020-03-25,113695774,12.6635,12.8503,12.4865,12.6536,0.2554,2.06,0.58,1467534956.0
2020-03-26,107519243,12.5651,13.1157,12.5061,12.8404,0.1873,1.48,0.55,1408651057.0
2020-03-27,65301888,13.0272,13.155,12.8601,12.9289,0.0886,0.69,0.33,861618663.0
2020-03-30,66173879,12.634,12.8208,12.5455,12.7224,-0.2069,-1.6,0.34,852956240.0
2020-03-31,51337030,12.8306,12.8699,12.5651,12.5848,-0.1374,-1.08,0.26,662915471.0
2020-04-01,52083604,12.6438,12.9093,12.6045,12.6733,0.0881,0.7,0.27,676070117.0
2020-04-02,51836504,12.5356,12.7519,12.4472,12.7519,0.0786,0.62,0.26,663197628.0
2020-04-03,82534814,12.6045,12.6733,12.339,12.398,-0.3545,-2.78,0.42,1047282400.0
2020-04-07,87031371,12.6733,12.7224,12.5946,12.6635,0.2653,2.14,0.44,1121200115.0
2020-04-08,52871614,12.6635,12.7028,12.5061,12.5651,-0.0988,-0.78,0.27,676604872.0
2020-04-09,40855377,12.6635,12.6733,12.5061,12.5258,-0.039,-0.31,0.21,522027888.0
2020-04-10,66667495,12.5455,12.7618,12.4373,12.575,0.0489,0.39,0.34,853689950.0
2020-04-13,44621440,12.457,12.4963,12.2603,12.3783,-0.1962,-1.56,0.23,562008050.0
2020-04-14,68608687,12.4373,12.6438,12.3587,12.6438,0.2649,2.14,0.35,874856562.0
2020-04-15,65639640,12.6438,12.7126,12.5651,12.6536,0.0101,0.08,0.33,843649273.0
2020-04-16,78915498,12.575,12.575,12.3292,12.4668,-0.1873,-1.48,0.4,997623816.0
2020-04-17,133116477,12.5553,12.8208,12.4373,12.6733,0.2069,1.66,0.68,1713215766.0
2020-04-20,81845583,12.6438,12.8306,12.5553,12.7716,0.0988,0.78,0.42,1058524019.0
2020-04-21,212244834,13.0764,13.4697,13.0764,13.2239,0.4521,3.54,1.09,2861879086.0
2020-04-22,103280274,13.1452,13.1944,12.9387,13.0076,-0.2169,-1.64,0.52,1368222854.0
2020-04-23,64698963,13.0076,13.0862,12.8896,13.0076,0.0,0.0,0.33,855052110.0
2020-04-24,56600161,12.9486,13.0567,12.8896,13.0174,0.0104,0.08,0.29,747473770.0
2020-04-27,93682990,13.0764,13.4107,13.0272,13.273,0.2551,1.96,0.48,1263809737.0
2020-04-28,77156417,13.2239,13.332,13.0469,13.2927,0.0199,0.15,0.39,1038718080.0
2020-04-29,110872239,13.2534,13.8629,13.2239,13.7843,0.4918,3.7,0.56,1541638203.0
2020-04-30,81954043,13.7843,14.0792,13.6466,13.6958,-0.0882,-0.64,0.41,1155968238.0
2020-05-06,100899802,13.5287,13.6565,13.3812,13.5385,-0.1575,-1.15,0.51,1382727481.0
2020-05-07,66274923,13.5287,13.5287,13.3713,13.4598,-0.0785,-0.58,0.34,904349531.0
2020-05-08,93478170,13.5287,13.7843,13.45,13.7155,0.2557,1.9,0.48,1297924588.0
2020-05-11,61286229,13.686,13.8924,13.6663,13.7646,0.0494,0.36,0.31,859156594.0
2020-05-12,55851114,13.7155,13.8138,13.4893,13.5582,-0.2065,-1.5,0.28,772109502.0
2020-05-13,64035879,13.5188,13.5483,13.3025,13.4008,-0.1573,-1.16,0.33,871062043.0
2020-05-14,94467209,13.3222,13.3615,12.9977,13.0764,-0.3243,-2.42,0.49,1259440848.0
2020-05-15,75679447,13.1649,13.2042,12.9191,13.0076,-0.0693,-0.53,0.39,1004313267.0
2020-05-18,63720857,12.9781,13.1157,12.8994,12.9781,-0.0299,-0.23,0.33,843479669.0
2020-05-19,60036864,13.1845,13.2239,13.0469,13.1354,0.157,1.21,0.31,801755671.0
2020-05-20,69085107,13.155,13.391,13.0469,13.2829,0.1471,1.12,0.36,929928885.0
2020-05-21,55231200,13.2927,13.3419,13.1354,13.1747,-0.1076,-0.81,0.28,742797057.0
2020-05-22,85623733,13.1059,13.1157,12.7028,12.7028,-0.4716,-3.58,0.44,1119433491.0
2020-05-25,41017078,12.7519,12.7618,12.5455,12.7421,0.0394,0.31,0.21,528769352.0
2020-05-26,39621240,12.8011,12.8503,12.7224,12.8208,0.079,0.62,0.2,515451849.0
2020-05-27,48296294,12.8306,12.9682,12.7421,12.7814,-0.0397,-0.31,0.25,630305864.0
2020-05-28,96076031,12.87,13.18,12.81,13.07,0.29,2.27,0.5,1255226999.0
2020-05-29,45780822,13.01,13.04,12.92,13.0,-0.07,-0.54,0.22,594502123.0
2020-06-01,88296055,13.1,13.39,13.08,13.32,0.32,2.46,0.45,1173619006.0
2020-06-02,88345888,13.29,13.63,13.28,13.55,0.23,1.73,0.45,1194375822.0
2020-06-03,95680308,13.64,13.88,13.5,13.54,-0.01,-0.07,0.49,1308782294.0
2020-06-04,58306633,13.53,13.64,13.41,13.57,0.03,0.22,0.3,788707630.0
2020-06-05,38302690,13.6,13.62,13.43,13.59,0.02,0.15,0.2,517232135.0
2020-06-08,58597190,13.68,13.85,13.58,13.62,0.03,0.22,0.3,802115792.0
2020-06-09,47430007,13.64,13.73,13.53,13.67,0.05,0.37,0.24,646895834.0
2020-06-10,58047620,13.71,13.71,13.4,13.49,-0.18,-1.32,0.29,781995749.0
2020-06-11,134903982,13.38,13.39,13.0,13.08,-0.41,-3.04,0.7,1774199978.0
2020-06-12,103055057,12.9,13.02,12.87,12.99,-0.09,-0.69,0.52,1331618728.0
2020-06-15,66031307,12.85,12.97,12.8,12.82,-0.17,-1.31,0.33,850767506.0
2020-06-16,71805910,12.9,12.99,12.86,12.89,0.07,0.55,0.36,927043687.0
2020-06-17,71646824,12.89,12.92,12.76,12.85,-0.04,-0.31,0.36,918251153.0
2020-06-18,111964780,12.76,12.8,12.59,12.76,-0.09,-0.7,0.57,1419972017.0
2020-06-19,153952178,12.73,12.84,12.61,12.8,0.04,0.31,0.75,1954584919.0
2020-06-22,131907979,12.74,12.76,12.62,12.64,-0.16,-1.25,0.68,1671023278.0
2020-06-23,99080673,12.65,12.69,12.52,12.6,-0.04,-0.32,0.5,1248046646.0
2020-06-24,152322048,12.64,12.88,12.6,12.8,0.2,1.59,0.78,1946329095.0
2020-06-29,103848006,12.92,12.97,12.71,12.8,0.0,0.0,0.52,1330678288.0
2020-06-30,93794022,12.83,12.88,12.72,12.8,0.0,0.0,0.48,1199181601.0
2020-07-01,169739001,12.79,13.15,12.74,13.12,0.32,2.5,0.87,2202800843.0
2020-07-02,259050119,13.08,13.49,12.97,13.43,0.31,2.36,1.32,3433511084.0
2020-07-03,376833363,13.57,14.32,13.56,14.25,0.82,6.11,1.9,5280918011.0
2020-07-06,471146078,14.6,15.68,14.59,15.68,1.43,10.04,2.42,7168653356.0
2020-07-07,396442747,16.3,16.63,15.03,15.48,-0.2,-1.28,2.03,6267919683.0
2020-07-08,263133916,15.23,16.0,15.23,15.76,0.28,1.81,1.35,4095447757.0
2020-07-09,224399440,15.66,15.66,15.31,15.53,-0.23,-1.46,1.14,3469517329.0
2020-07-10,215877326,15.35,15.48,14.76,14.86,-0.67,-4.31,1.1,3254272377.0
2020-07-13,193716012,14.7,15.08,14.5,14.89,0.03,0.2,0.99,2871414844.0
2020-07-14,195356627,14.9,15.19,14.55,14.68,-0.21,-1.41,1.0,2891773817.0
2020-07-15,204256283,14.78,14.86,14.23,14.27,-0.41,-2.79,1.04,2947173149.0
2020-07-16,193089129,14.3,14.55,14.12,14.15,-0.12,-0.84,0.98,2771496391.0
2020-07-17,129134677,14.17,14.28,13.95,14.14,-0.01,-0.07,0.66,1821043927.0
2020-07-20,197963200,14.23,14.77,14.1,14.73,0.59,4.17,1.02,2872758056.0
2020-07-21,125286569,14.68,14.68,14.4,14.49,-0.24,-1.63,0.65,1815570300.0
2020-07-22,131295159,14.49,14.65,14.27,14.41,-0.08,-0.55,0.67,1895447229.0
2020-07-23,202752587,14.24,14.29,13.81,14.01,-0.4,-2.78,1.04,2838535210.0
2020-07-24,183088183,13.97,13.99,13.42,13.5,-0.51,-3.64,0.93,2504647111.0
2020-07-27,188065335,13.67,13.68,13.1,13.24,-0.26,-1.93,0.97,2497551472.0
2020-07-28,121700599,13.34,13.43,13.18,13.34,0.1,0.76,0.62,1618089558.0
2020-07-29,151958025,13.35,13.63,13.21,13.54,0.2,1.5,0.78,2043847472.0
2020-07-30,96406763,13.5,13.51,13.37,13.37,-0.17,-1.26,0.5,1294444933.0
2020-07-31,116582191,13.28,13.53,13.25,13.34,-0.03,-0.22,0.59,1559068291.0
2020-08-03,144509616,13.47,13.62,13.43,13.59,0.25,1.87,0.73,1954607257.0
2020-08-04,244566325,13.66,14.15,13.48,14.04,0.45,3.31,1.25,3388510059.0
2020-08-05,144020313,13.82,13.85,13.62,13.76,-0.28,-1.99,0.72,1980352978.0
2020-08-06,135251068,13.82,13.96,13.65,13.9,0.14,1.02,0.69,1868047342.0
2020-08-07,98867837,13.8,13.9,13.62,13.7,-0.2,-1.44,0.51,1356305781.0
2020-08-10,158771035,13.67,14.02,13.62,13.95,0.25,1.82,0.81,2208568316.0
2020-08-11,260330789,13.97,14.66,13.97,14.13,0.18,1.29,1.33,3748036828.0
2020-08-12,159681170,14.21,14.5,14.15,14.38,0.25,1.77,0.82,2287731088.0
2020-08-13,83726175,14.4,14.46,14.14,14.18,-0.2,-1.39,0.43,1190139725.0
2020-08-14,110321582,14.1,14.51,14.06,14.47,0.29,2.05,0.56,1578543607.0
2020-08-17,326802780,14.6,15.35,14.55,15.19,0.72,4.98,1.68,4923669137.0
2020-08-18,135026107,15.2,15.3,14.91,15.15,-0.04,-0.26,0.68,2033477707.0
2020-08-19,142092811,15.11,15.35,14.96,15.1,-0.05,-0.33,0.73,2154215097.0
2020-08-20,133380162,15.01,15.14,14.53,14.59,-0.51,-3.38,0.68,1962605013.0
2020-08-21,123451733,14.71,14.71,14.32,14.45,-0.14,-0.96,0.63,1787278581.0
2020-08-24,91944886,14.5,14.71,14.41,14.46,0.01,0.07,0.47,1338031969.0
2020-08-25,74832022,14.56,14.69,14.46,14.6,0.14,0.97,0.38,1090756854.0
2020-08-26,73411772,14.6,14.61,14.28,14.37,-0.23,-1.58,0.37,1057274169.0
2020-08-27,62666677,14.4,14.46,14.11,14.46,0.09,0.63,0.31,895618648.0
2020-08-28,241040002,14.26,15.18,14.26,15.13,0.67,4.63,1.23,3599035694.0
2020-08-31,179712954,15.3,15.68,14.99,15.08,-0.05,-0.33,0.92,2760350322.0
2020-09-01,81364258,14.96,15.23,14.88,15.14,0.06,0.4,0.41,1228342741.0
2020-09-02,167938297,15.01,15.53,15.01,15.32,0.18,1.19,0.86,2575966637.0
2020-09-03,127984159,15.32,15.33,14.84,14.9,-0.42,-2.74,0.65,1919266726.0
2020-09-04,90988999,14.73,15.06,14.6,14.96,0.06,0.4,0.46,1353550808.0
2020-09-07,103137681,14.88,15.24,14.83,14.94,-0.02,-0.13,0.53,1551971380.0
2020-09-08,140760166,15.0,15.43,15.0,15.43,0.49,3.28,0.71,2154220778.0
2020-09-09,101357247,15.26,15.56,15.13,15.21,-0.22,-1.43,0.51,1554005575.0
2020-09-10,95709239,15.32,15.48,15.2,15.34,0.13,0.85,0.49,1469402768.0
2020-09-11,95423625,15.18,15.3,14.82,15.01,-0.33,-2.15,0.49,1431844020.0
2020-09-14,68025105,15.01,15.3,14.92,15.3,0.29,1.93,0.34,1027508108.0
2020-09-15,65713267,15.2,15.48,15.15,15.35,0.05,0.33,0.33,1007999044.0
2020-09-16,72241475,15.32,15.54,15.21,15.44,0.09,0.59,0.37,1114667832.0
2020-09-17,98821563,15.54,15.72,15.4,15.57,0.13,0.84,0.5,1543414501.0
2020-09-18,137319330,15.62,16.09,15.52,16.07,0.5,3.21,0.68,2186759087.0
2020-09-21,89616165,16.0,16.05,15.71,15.86,-0.21,-1.31,0.46,1418370973.0
2020-09-22,86775631,15.67,15.84,15.39,15.57,-0.29,-1.83,0.45,1354536272.0
2020-09-23,59920047,15.59,15.83,15.51,15.63,0.06,0.39,0.31,939763265.0
2020-09-24,106101124,15.59,15.61,15.12,15.12,-0.51,-3.26,0.55,1623376200.0
2020-09-25,61408700,15.2,15.31,15.11,15.19,0.07,0.46,0.31,933035044.0
2020-09-28,61271111,15.19,15.37,14.98,15.31,0.12,0.79,0.31,932800766.0
2020-09-29,118237440,15.39,15.41,14.76,14.8,-0.51,-3.33,0.6,1766848544.0
2020-09-30,121706482,14.8,15.27,14.8,15.17,0.37,2.5,0.62,1838547595.0
2020-10-09,90042593,15.3,15.55,15.13,15.18,0.01,0.07,0.46,1376995906.0
2020-10-12,159134715,15.22,16.05,15.21,15.9,0.72,4.74,0.81,2509002885.0
2020-10-13,90881948,15.9,16.11,15.77,16.06,0.16,1.01,0.47,1453986337.0
2020-10-14,66256236,16.04,16.12,15.8,16.03,-0.03,-0.19,0.33,1057937816.0
2020-10-15,160006232,16.2,16.92,16.15,16.56,0.53,3.31,0.82,2654379585.0
2020-10-16,209561419,16.56,17.37,16.54,17.1,0.54,3.26,1.07,3589229558.0
2020-10-19,201610552,17.3,18.1,17.3,17.48,0.38,2.22,1.03,3571336006.0
2020-10-20,96007195,17.48,17.6,17.25,17.54,0.06,0.34,0.48,1673173355.0
2020-10-21,124456018,17.64,18.0,17.33,17.91,0.37,2.11,0.64,2204040364.0
2020-10-22,189051905,17.94,18.5,17.3,17.56,-0.35,-1.95,0.97,3342069010.0
2020-10-23,169850168,17.53,18.78,17.53,18.13,0.57,3.25,0.87,3105623948.0
2020-10-26,117559865,18.2,18.29,17.45,17.7,-0.43,-2.37,0.6,2085800598.0
2020-10-27,103486504,18.0,18.0,17.5,17.76,0.06,0.34,0.53,1839243224.0
2020-10-28,120582386,17.76,17.9,17.29,17.63,-0.13,-0.73,0.61,2125604541.0
2020-10-29,84660362,17.54,17.93,17.35,17.77,0.14,0.79,0.43,1498040947.0
2020-10-30,100780383,17.74,18.36,17.6,17.75,-0.02,-0.11,0.51,1813064343.0
2020-11-02,96845277,17.65,18.05,17.33,17.63,-0.12,-0.68,0.5,1702741437.0
2020-11-03,95786863,17.71,18.34,17.7,17.96,0.33,1.87,0.49,1727488481.0
2020-11-04,124763640,18.35,18.48,17.96,18.32,0.36,2.0,0.63,2275824963.0
2020-11-05,142946944,18.37,18.5,17.54,17.7,-0.62,-3.38,0.73,2558562453.0
2020-11-06,84878153,17.71,17.75,17.22,17.64,-0.06,-0.34,0.43,1486492208.0
2020-11-09,95142432,17.67,18.0,17.54,17.84,0.2,1.13,0.48,1688807401.0
2020-11-10,102106281,18.0,18.5,17.93,18.11,0.27,1.51,0.52,1854142808.0
2020-11-11,94013007,18.2,18.3,17.6,17.81,-0.3,-1.66,0.48,1677811478.0
2020-11-12,67725848,17.81,17.94,17.45,17.66,-0.15,-0.84,0.35,1197284181.0
2020-11-13,128918923,17.42,17.47,16.69,17.18,-0.48,-2.72,0.66,2191492021.0
2020-11-16,75985693,17.08,17.43,16.9,17.37,0.19,1.11,0.39,1308190459.0
2020-11-17,85293051,17.38,17.93,17.25,17.83,0.46,2.65,0.43,1509511577.0
2020-11-18,137340072,17.78,18.5,17.75,18.46,0.63,3.53,0.7,2508632642.0
2020-11-19,121174062,18.59,18.98,18.3,18.85,0.39,2.11,0.62,2270476474.0
2020-11-20,67391922,18.83,18.99,18.52,18.86,0.01,0.05,0.34,1265262915.0
2020-11-23,116585826,18.85,19.62,18.8,19.62,0.76,4.03,0.59,2252290578.0
2020-11-24,67854323,19.62,19.68,19.17,19.36,-0.26,-1.33,0.35,1313496136.0
2020-11-25,55258501,19.48,19.7,19.05,19.06,-0.3,-1.55,0.28,1068352014.0
2020-11-26,63965789,19.05,19.61,19.03,19.5,0.44,2.31,0.33,1240074378.0
2020-11-27,75377374,20.0,20.0,19.38,19.7,0.2,1.03,0.38,1479430635.0
2020-11-30,158144128,19.9,20.88,19.59,19.74,0.04,0.2,0.8,3213680470.0
2020-12-01,126371975,19.7,20.51,19.4,20.05,0.31,1.57,0.65,2516010782.0
2020-12-02,88938529,19.93,20.06,19.52,19.63,-0.42,-2.09,0.45,1758639187.0
2020-12-03,71445230,19.78,19.86,19.17,19.54,-0.09,-0.46,0.36,1393085020.0
2020-12-04,89134784,19.47,19.47,18.97,19.3,-0.24,-1.23,0.46,1707639065.0
2020-12-07,87380661,19.31,19.39,18.68,18.91,-0.39,-2.02,0.45,1655173465.0
2020-12-08,71964751,18.92,19.03,18.53,18.71,-0.2,-1.06,0.37,1345951734.0
2020-12-09,67722115,18.79,19.05,18.68,18.71,0.0,0.0,0.34,1277484440.0
2020-12-10,60786655,18.73,18.88,18.45,18.65,-0.06,-0.32,0.31,1130916254.0
2020-12-11,88779387,18.71,18.8,18.22,18.52,-0.13,-0.7,0.45,1642392314.0
2020-12-14,83599174,18.6,19.06,18.5,18.88,0.36,1.94,0.43,1575396008.0
2020-12-15,78885794,18.8,18.85,18.15,18.74,-0.14,-0.74,0.4,1458268620.0
2020-12-16,68907042,18.8,19.1,18.58,19.01,0.27,1.44,0.35,1302133815.0
2020-12-17,68614069,18.91,19.07,18.6,18.95,-0.06,-0.32,0.34,1294658299.0
2020-12-18,105875636,19.0,19.1,18.23,18.36,-0.59,-3.11,0.53,1959764074.0
2020-12-21,90687811,18.3,18.64,18.03,18.28,-0.08,-0.44,0.46,1662649810.0
2020-12-22,102873751,18.36,18.65,17.88,17.9,-0.38,-2.08,0.53,1873638734.0
2020-12-23,75008273,17.96,18.07,17.79,18.0,0.1,0.56,0.38,1345650736.0
2020-12-24,63295012,18.15,18.49,18.05,18.26,0.26,1.44,0.32,1155767283.0
2020-12-25,57707733,18.26,18.26,17.8,18.04,-0.22,-1.2,0.3,1038128197.0
2020-12-28,127033706,18.02,18.86,17.96,18.85,0.81,4.49,0.65,2352947321.0
2020-12-29,96309223,18.87,19.3,18.7,19.17,0.32,1.7,0.49,1837947238.0
2020-12-30,97849778,19.0,19.2,18.72,19.2,0.03,0.16,0.49,1854082812.0
2020-12-31,92450343,19.21,19.58,19.02,19.34,0.14,0.73,0.47,1781736285.0
2021-01-04,155421643,19.1,19.1,18.44,18.6,-0.74,-3.83,0.8,2891682312.0
2021-01-05,182135210,18.4,18.48,17.8,18.17,-0.43,-2.31,0.93,3284606913.0
2021-01-06,193494512,18.08,19.56,18.0,19.56,1.39,7.65,0.98,3648521909.0
2021-01-07,158418530,19.52,19.98,19.23,19.9,0.34,1.74,0.8,3111274625.0
2021-01-08,119547322,19.9,20.1,19.31,19.85,-0.05,-0.25,0.6,2348316363.0
2021-01-11,179045714,20.0,20.64,20.0,20.38,0.53,2.67,0.91,3652546646.0
2021-01-12,128816550,20.39,21.0,20.18,21.0,0.62,3.04,0.65,2657687440.0
2021-01-13,104911973,21.0,21.01,20.4,20.7,-0.3,-1.43,0.53,2161849708.0
2021-01-14,113015562,20.68,20.89,19.95,20.17,-0.53,-2.56,0.58,2306404546.0
2021-01-15,248068898,21.0,21.95,20.82,21.0,0.83,4.12,1.27,5311218074.0
2021-01-18,215730178,21.2,22.78,21.2,22.7,1.7,8.1,1.1,4792909447.0
2021-01-19,124208834,22.51,22.84,22.05,22.34,-0.36,-1.59,0.63,2790056611.0
2021-01-20,128079316,22.15,22.97,22.12,22.47,0.13,0.58,0.65,2889249850.0
2021-01-21,94477860,22.5,22.8,22.15,22.23,-0.24,-1.07,0.48,2114252731.0
2021-01-22,92443442,22.23,22.23,21.51,22.03,-0.2,-0.9,0.47,2025834761.0
2021-01-25,102836527,21.72,22.6,21.43,22.49,0.46,2.09,0.52,2269032820.0
2021-01-26,112672055,22.3,23.32,22.3,22.37,-0.12,-0.53,0.58,2558575511.0
2021-01-27,129415272,22.31,23.47,22.31,23.08,0.71,3.17,0.66,2976800955.0
2021-01-28,85747696,22.78,23.18,22.45,22.81,-0.27,-1.17,0.43,1948881146.0
2021-01-29,124025841,22.81,23.54,22.71,23.09,0.28,1.23,0.63,2864101419.0
2021-02-01,147523930,23.0,24.99,22.7,24.55,1.46,6.32,0.75,3529556986.0
2021-02-02,241616877,23.38,24.1,22.91,23.28,-1.27,-5.17,1.24,5679179941.0
2021-02-03,192327159,23.48,25.18,23.38,24.95,1.67,7.17,0.98,4690176486.0
2021-02-04,125524750,24.18,25.24,24.04,24.6,-0.35,-1.4,0.64,3084553750.0
2021-02-05,101557559,24.6,25.31,24.27,24.93,0.33,1.34,0.52,2517804159.0
2021-02-08,108426467,24.9,24.9,24.1,24.8,-0.13,-0.52,0.55,2650948251.0
2021-02-09,94209355,24.79,24.84,24.17,24.58,-0.22,-0.89,0.49,2302978158.0
2021-02-10,191886710,24.6,24.96,23.38,23.82,-0.76,-3.09,0.99,4569741959.0
