datetime,ts_code,open,high,low,close,pre_close,change,pct_chg,volume,amount
2018-05-02,000001.SZ,10.97,11.03,10.8,10.88,10.85,0.03,0.28,1190523.18,1295804.42
2018-05-03,000001.SZ,10.86,10.88,10.57,10.75,10.88,-0.13,-1.19,1281355.57,1372765.845
2018-05-04,000001.SZ,10.73,10.83,10.66,10.68,10.75,-0.07,-0.65,710509.52,761302.468
2018-05-07,000001.SZ,10.7,10.83,10.64,10.81,10.68,0.13,1.22,974309.67,1046743.101
2018-05-08,000001.SZ,10.83,11.15,10.8,11.01,10.81,0.2,1.85,1373305.68,1511546.681
2018-05-09,000001.SZ,10.98,11.03,10.88,10.97,11.01,-0.04,-0.36,627656.13,687036.874
2018-05-10,000001.SZ,11.03,11.09,10.91,11.01,10.97,0.04,0.36,552735.88,607349.997
2018-05-11,000001.SZ,11.04,11.13,10.96,11.01,11.01,0.0,0.0,772369.66,853271.166
2018-05-14,000001.SZ,11.09,11.23,11.03,11.18,11.01,0.17,1.54,1039297.16,1158064.201
2018-05-15,000001.SZ,11.18,11.19,11.02,11.12,11.18,-0.06,-0.54,669261.44,742590.447
2018-05-16,000001.SZ,11.07,11.07,10.89,10.9,11.12,-0.22,-1.98,714362.08,782694.669
2018-05-17,000001.SZ,10.91,10.94,10.78,10.82,10.9,-0.08,-0.73,586494.38,635675.44
2018-05-18,000001.SZ,10.81,10.97,10.76,10.96,10.82,0.14,1.29,578384.77,628250.184
2018-05-21,000001.SZ,11.07,11.11,10.93,10.95,10.96,-0.01,-0.09,763533.57,838750.577
2018-05-22,000001.SZ,10.95,10.98,10.79,10.86,10.95,-0.09,-0.82,589871.85,639815.249
2018-05-23,000001.SZ,10.82,10.82,10.62,10.65,10.86,-0.21,-1.93,991016.29,1058587.812
2018-05-24,000001.SZ,10.66,10.68,10.58,10.61,10.65,-0.04,-0.38,688152.02,730678.763
2018-05-25,000001.SZ,10.61,10.67,10.55,10.59,10.61,-0.02,-0.19,593335.67,629735.45
2018-05-28,000001.SZ,10.58,10.66,10.51,10.59,10.59,0.0,0.0,569400.92,602590.746
2018-05-29,000001.SZ,10.58,10.63,10.35,10.38,10.59,-0.21,-1.98,889494.97,930386.966
2018-05-30,000001.SZ,10.29,10.29,10.05,10.08,10.38,-0.3,-2.89,1124447.04,1139918.753
2018-05-31,000001.SZ,10.11,10.19,10.02,10.18,10.08,0.1,0.99,987360.38,999216.332
2018-06-01,000001.SZ,10.15,10.29,10.07,10.19,10.18,0.01,0.1,597211.16,608398.867
2018-06-04,000001.SZ,10.23,10.31,10.15,10.27,10.19,0.08,0.79,593038.35,608291.978
2018-06-05,000001.SZ,10.29,10.3,10.11,10.26,10.27,-0.01,-0.1,656540.75,670740.302
2018-06-06,000001.SZ,10.25,10.26,10.1,10.14,10.26,-0.12,-1.17,712743.41,724032.796
2018-06-07,000001.SZ,10.2,10.46,10.18,10.37,10.14,0.23,2.27,1262638.2,1306425.478
2018-06-08,000001.SZ,10.33,10.33,10.06,10.12,10.37,-0.25,-2.41,1099379.82,1114968.856
2018-06-11,000001.SZ,10.06,10.13,10.0,10.04,10.12,-0.08,-0.79,721374.98,724687.998
2018-06-12,000001.SZ,10.03,10.08,9.95,10.06,10.04,0.02,0.2,913300.72,914001.701
2018-06-13,000001.SZ,10.04,10.06,9.95,9.95,10.06,-0.11,-1.09,530584.31,530483.756
2018-06-14,000001.SZ,9.95,10.15,9.92,10.07,9.95,0.12,1.21,866392.01,872487.574
2018-06-15,000001.SZ,10.08,10.29,10.06,10.17,10.07,0.1,0.99,1248707.88,1273412.999
2018-06-19,000001.SZ,10.05,10.15,9.82,9.87,10.17,-0.3,-2.95,1565874.47,1565756.559
2018-06-20,000001.SZ,9.87,9.95,9.76,9.91,9.87,0.04,0.41,763637.31,752950.7
2018-06-21,000001.SZ,9.93,10.04,9.86,9.86,9.91,-0.05,-0.5,840070.77,836014.838
2018-06-22,000001.SZ,9.8,9.87,9.77,9.85,9.86,-0.01,-0.1,657818.51,645752.909
2018-06-25,000001.SZ,9.91,9.92,9.38,9.46,9.85,-0.39,-3.96,1195212.6,1154559.08
2018-06-26,000001.SZ,9.39,9.44,9.09,9.36,9.46,-0.1,-1.06,1124156.94,1042528.543
2018-06-27,000001.SZ,9.31,9.4,9.03,9.09,9.36,-0.27,-2.88,1045142.68,958871.648
2018-06-28,000001.SZ,8.95,9.08,8.87,8.92,9.09,-0.17,-1.87,1110764.03,996801.234
2018-06-29,000001.SZ,9.01,9.13,8.96,9.09,8.92,0.17,1.91,675299.68,611346.088
2018-07-02,000001.SZ,9.05,9.05,8.55,8.61,9.09,-0.48,-5.28,1315520.13,1158545.868
2018-07-03,000001.SZ,8.69,8.7,8.45,8.67,8.61,0.06,0.7,1274838.57,1096657.033
2018-07-04,000001.SZ,8.63,8.75,8.61,8.61,8.67,-0.06,-0.69,711153.37,617278.559
2018-07-05,000001.SZ,8.62,8.73,8.55,8.6,8.61,-0.01,-0.12,835768.77,722169.579
2018-07-06,000001.SZ,8.61,8.78,8.45,8.66,8.6,0.06,0.7,988282.69,852071.526
2018-07-09,000001.SZ,8.69,9.03,8.68,9.03,8.66,0.37,4.27,1409954.6,1255007.609
2018-07-10,000001.SZ,9.02,9.02,8.89,8.98,9.03,-0.05,-0.55,896862.02,803038.965
2018-07-11,000001.SZ,8.76,8.83,8.68,8.78,8.98,-0.2,-2.23,851296.7,744765.824
2018-07-12,000001.SZ,8.6,8.97,8.58,8.88,8.64,0.24,2.78,1140492.31,1008658.828
2018-07-13,000001.SZ,8.92,8.94,8.82,8.88,8.88,0.0,0.0,603378.21,535401.175
2018-07-16,000001.SZ,8.85,8.9,8.69,8.73,8.88,-0.15,-1.69,689845.58,603427.713
2018-07-17,000001.SZ,8.74,8.75,8.66,8.72,8.73,-0.01,-0.11,375356.33,326396.994
2018-07-18,000001.SZ,8.75,8.85,8.69,8.7,8.72,-0.02,-0.23,525152.77,460697.377
2018-07-19,000001.SZ,8.75,8.81,8.69,8.73,8.7,0.03,0.34,461372.39,403674.308
2018-07-20,000001.SZ,8.73,9.2,8.61,9.11,8.73,0.38,4.3528,1754277.4,1576843.937
2018-07-23,000001.SZ,9.04,9.45,9.0,9.42,9.11,0.31,3.4029,1781688.26,1646028.021
2018-07-24,000001.SZ,9.39,9.59,9.33,9.4,9.42,-0.02,-0.2123,1425894.16,1348746.826
2018-07-25,000001.SZ,9.44,9.47,9.33,9.38,9.4,-0.02,-0.2128,614122.81,575752.176
2018-07-26,000001.SZ,9.4,9.48,9.21,9.25,9.38,-0.13,-1.3859,833358.15,778429.753
2018-07-27,000001.SZ,9.3,9.36,9.18,9.25,9.25,0.0,0.0,515126.03,477527.419
2018-07-30,000001.SZ,9.32,9.49,9.26,9.39,9.25,0.14,1.5135,706385.97,661767.547
2018-07-31,000001.SZ,9.37,9.49,9.25,9.42,9.39,0.03,0.3195,720150.8,674484.65
2018-08-01,000001.SZ,9.42,9.5,9.11,9.15,9.42,-0.27,-2.8662,814081.68,759282.229
2018-08-02,000001.SZ,9.13,9.15,8.88,8.94,9.15,-0.21,-2.2951,931401.28,839272.254
2018-08-03,000001.SZ,8.93,9.1,8.91,8.91,8.94,-0.03,-0.3356,476546.62,428641.526
2018-08-06,000001.SZ,8.94,9.11,8.89,8.94,8.91,0.03,0.3367,554010.08,497906.686
2018-08-07,000001.SZ,8.96,9.17,8.88,9.17,8.94,0.23,2.5727,690423.19,624359.656
2018-08-08,000001.SZ,9.16,9.16,9.04,9.05,9.17,-0.12,-1.3086,578953.16,527526.989
2018-08-09,000001.SZ,9.04,9.35,9.02,9.29,9.05,0.24,2.6519,806783.77,746469.808
2018-08-10,000001.SZ,9.3,9.32,9.16,9.23,9.29,-0.06,-0.6459,424168.36,391366.341
2018-08-13,000001.SZ,9.12,9.16,8.9,9.05,9.23,-0.18,-1.9502,818491.12,736947.79
2018-08-14,000001.SZ,9.03,9.04,8.94,9.0,9.05,-0.05,-0.5525,430240.36,386334.617
2018-08-15,000001.SZ,9.02,9.02,8.75,8.79,9.0,-0.21,-2.3333,670442.85,594759.517
2018-08-16,000001.SZ,8.73,8.89,8.64,8.78,8.79,-0.01,-0.1138,638272.55,559523.123
2018-08-17,000001.SZ,8.88,8.94,8.78,8.81,8.78,0.03,0.3417,649476.56,576683.267
2018-08-20,000001.SZ,8.9,9.02,8.87,9.0,8.81,0.19,2.1566,681322.06,609934.725
2018-08-21,000001.SZ,9.02,9.26,9.01,9.23,9.0,0.23,2.5556,1264474.47,1163292.795
2018-08-22,000001.SZ,9.24,9.34,9.13,9.29,9.23,0.06,0.6501,982433.98,909598.743
2018-08-23,000001.SZ,9.3,9.42,9.23,9.36,9.29,0.07,0.7535,729074.62,680941.392
2018-08-24,000001.SZ,9.31,10.28,9.29,10.03,9.36,0.67,7.1581,3040408.39,2995071.976
2018-08-27,000001.SZ,10.02,10.43,9.97,10.43,10.03,0.4,3.988,2218424.22,2251527.721
2018-08-28,000001.SZ,10.34,10.43,10.24,10.29,10.43,-0.14,-1.3423,1289777.24,1331917.86
2018-08-29,000001.SZ,10.25,10.33,10.15,10.27,10.29,-0.02,-0.1944,901883.49,923581.546
2018-08-30,000001.SZ,10.27,10.35,10.08,10.12,10.27,-0.15,-1.4606,994917.73,1013877.514
2018-08-31,000001.SZ,10.13,10.32,10.1,10.13,10.12,0.01,0.0988,1310865.24,1337898.869
2018-09-03,000001.SZ,10.09,10.3,10.09,10.19,10.13,0.06,0.5923,711695.67,725303.291
2018-09-04,000001.SZ,10.2,10.55,10.07,10.43,10.19,0.24,2.3553,1296342.08,1339756.563
2018-09-05,000001.SZ,10.3,10.33,10.05,10.05,10.43,-0.38,-3.6433,1179453.17,1202345.697
2018-09-06,000001.SZ,10.05,10.14,9.95,9.97,10.05,-0.08,-0.796,711777.55,713975.749
2018-09-07,000001.SZ,10.04,10.18,9.93,10.01,9.97,0.04,0.4012,809035.34,815151.722
2018-09-10,000001.SZ,10.01,10.07,9.84,9.88,10.01,-0.13,-1.2987,636989.29,631174.169
2018-09-11,000001.SZ,9.9,10.03,9.81,9.91,9.88,0.03,0.3036,712967.51,707337.57
2018-09-12,000001.SZ,9.87,9.97,9.82,9.88,9.91,-0.03,-0.3027,564829.16,558399.563
2018-09-13,000001.SZ,10.09,10.1,9.84,9.96,9.88,0.08,0.8097,999725.61,993389.97
2018-09-14,000001.SZ,9.98,9.98,9.81,9.84,9.96,-0.12,-1.2048,619750.19,611422.48
2018-09-17,000001.SZ,9.8,9.8,9.68,9.69,9.84,-0.15,-1.5244,517082.33,502609.643
2018-09-18,000001.SZ,9.73,10.12,9.7,10.08,9.69,0.39,4.0248,1126807.42,1120867.543
2018-09-19,000001.SZ,10.03,10.34,10.03,10.24,10.08,0.16,1.5873,1231548.77,1257191.505
2018-09-20,000001.SZ,10.27,10.36,10.19,10.23,10.24,-0.01,-0.0977,620348.36,636742.814
2018-09-21,000001.SZ,10.26,10.7,10.18,10.67,10.23,0.44,4.3011,1624518.41,1707850.487
2018-09-25,000001.SZ,10.52,10.68,10.48,10.55,10.67,-0.12,-1.1246,977014.7,1030715.785
2018-09-26,000001.SZ,10.61,10.92,10.52,10.71,10.55,0.16,1.5166,1490513.43,1600626.208
2018-09-27,000001.SZ,10.65,10.84,10.57,10.74,10.71,0.03,0.2801,880363.33,942200.398
2018-09-28,000001.SZ,10.78,11.27,10.78,11.05,10.74,0.31,2.8864,2110242.67,2331358.288
2018-10-08,000001.SZ,10.7,10.79,10.45,10.45,11.05,-0.6,-5.4299,1686358.52,1793455.283
2018-10-09,000001.SZ,10.46,10.7,10.39,10.56,10.45,0.11,1.0526,1064084.26,1117946.55
2018-10-10,000001.SZ,10.54,10.66,10.38,10.45,10.56,-0.11,-1.0417,995200.08,1045666.18
2018-10-11,000001.SZ,10.05,10.16,9.7,9.86,10.45,-0.59,-5.6459,1995143.83,1994186.611
2018-10-12,000001.SZ,9.97,10.34,9.87,10.3,9.86,0.44,4.4625,1516810.28,1532651.4
2018-10-15,000001.SZ,10.39,10.47,10.09,10.11,10.3,-0.19,-1.8447,1402685.3,1443043.059
2018-10-16,000001.SZ,10.14,10.54,10.12,10.37,10.11,0.26,2.5717,1396921.05,1450020.371
2018-10-17,000001.SZ,10.5,10.55,10.14,10.33,10.37,-0.04,-0.3857,1350889.83,1400306.336
2018-10-18,000001.SZ,10.29,10.29,10.06,10.09,10.33,-0.24,-2.3233,1001156.05,1015654.821
2018-10-19,000001.SZ,9.95,10.78,9.92,10.76,10.09,0.67,6.6402,2083667.32,2173571.254
2018-10-22,000001.SZ,10.81,11.46,10.78,11.15,10.76,0.39,3.6245,2645543.12,2932714.47
2018-10-23,000001.SZ,11.2,11.22,10.73,10.84,11.15,-0.31,-2.7803,1602545.92,1759265.958
2018-10-24,000001.SZ,10.9,11.33,10.8,11.04,10.84,0.2,1.845,1829424.64,2026171.911
2018-10-25,000001.SZ,10.8,11.29,10.71,11.29,11.04,0.25,2.2645,1685011.36,1855823.739
2018-10-26,000001.SZ,11.29,11.31,10.96,11.18,11.29,-0.11,-0.9743,1299975.1,1448843.512
2018-10-29,000001.SZ,11.2,11.24,10.62,10.75,11.18,-0.43,-3.8462,1591628.78,1725932.497
2018-10-30,000001.SZ,10.78,11.08,10.73,10.9,10.75,0.15,1.3953,1501827.86,1641371.787
2018-10-31,000001.SZ,10.95,10.99,10.75,10.91,10.9,0.01,0.0917,1152683.79,1252156.775
2018-11-01,000001.SZ,10.99,11.05,10.76,10.83,10.91,-0.08,-0.7333,1542776.32,1679443.449
2018-11-02,000001.SZ,11.04,11.16,10.83,11.09,10.83,0.26,2.4007,2212922.87,2439179.135
2018-11-05,000001.SZ,10.95,11.04,10.82,10.92,11.09,-0.17,-1.5329,1291924.17,1409457.171
2018-11-06,000001.SZ,10.87,10.93,10.73,10.84,10.92,-0.08,-0.7326,735725.74,795322.638
2018-11-07,000001.SZ,10.83,10.95,10.75,10.81,10.84,-0.03,-0.2768,785597.41,851487.053
2018-11-08,000001.SZ,10.88,10.97,10.82,10.89,10.81,0.08,0.7401,793976.0,864744.243
2018-11-09,000001.SZ,10.71,10.73,10.4,10.55,10.89,-0.34,-3.1221,1629269.17,1716198.382
2018-11-12,000001.SZ,10.46,10.58,10.38,10.56,10.55,0.01,0.0948,920333.88,965756.504
2018-11-13,000001.SZ,10.41,10.65,10.38,10.54,10.56,-0.02,-0.1894,1072497.62,1126736.143
2018-11-14,000001.SZ,10.53,10.55,10.42,10.44,10.54,-0.1,-0.9488,774239.85,810357.748
2018-11-15,000001.SZ,10.44,10.64,10.42,10.62,10.44,0.18,1.7241,901461.98,949991.801
2018-11-16,000001.SZ,10.61,10.72,10.49,10.57,10.62,-0.05,-0.4708,1059592.59,1123173.219
2018-11-19,000001.SZ,10.57,10.88,10.57,10.85,10.57,0.28,2.649,1360887.09,1466899.416
2018-11-20,000001.SZ,10.75,10.8,10.52,10.57,10.85,-0.28,-2.5806,1033877.53,1099654.683
2018-11-21,000001.SZ,10.5,10.67,10.48,10.61,10.57,0.04,0.3784,666157.33,705638.355
2018-11-22,000001.SZ,10.67,10.67,10.48,10.55,10.61,-0.06,-0.5655,500267.85,527103.281
2018-11-23,000001.SZ,10.53,10.58,10.31,10.32,10.55,-0.23,-2.1801,700358.15,730667.665
2018-11-26,000001.SZ,10.34,10.46,10.3,10.34,10.32,0.02,0.1938,516569.11,535963.342
2018-11-27,000001.SZ,10.35,10.39,10.16,10.18,10.34,-0.16,-1.5474,733448.38,752824.12
2018-11-28,000001.SZ,10.17,10.31,10.16,10.28,10.18,0.1,0.9823,537751.45,550820.246
2018-11-29,000001.SZ,10.35,10.39,10.19,10.2,10.28,-0.08,-0.7782,485284.05,499068.827
2018-11-30,000001.SZ,10.22,10.36,10.17,10.36,10.2,0.16,1.5686,594715.32,610571.532
2018-12-03,000001.SZ,10.59,10.66,10.47,10.59,10.36,0.23,2.2201,1064097.17,1126374.829
2018-12-04,000001.SZ,10.57,10.62,10.53,10.59,10.59,0.0,0.0,534813.05,565743.744
2018-12-05,000001.SZ,10.49,10.51,10.4,10.45,10.59,-0.14,-1.322,581545.27,608133.29
2018-12-06,000001.SZ,10.36,10.37,10.23,10.25,10.45,-0.2,-1.9139,578866.48,594649.682
2018-12-07,000001.SZ,10.3,10.39,10.27,10.28,10.25,0.03,0.2927,340216.15,351101.37
2018-12-10,000001.SZ,10.22,10.27,10.13,10.17,10.28,-0.11,-1.07,494818.87,504040.653
2018-12-11,000001.SZ,10.21,10.26,10.17,10.23,10.17,0.06,0.59,299089.62,305389.21
2018-12-12,000001.SZ,10.3,10.32,10.2,10.24,10.23,0.01,0.0978,366379.03,375402.863
2018-12-13,000001.SZ,10.25,10.48,10.2,10.39,10.24,0.15,1.4648,790845.21,819920.689
2018-12-14,000001.SZ,10.34,10.35,10.16,10.17,10.39,-0.22,-2.1174,526675.13,539263.012
2018-12-17,000001.SZ,10.16,10.33,10.1,10.29,10.17,0.12,1.1799,571274.87,584679.512
2018-12-18,000001.SZ,10.2,10.32,10.1,10.12,10.29,-0.17,-1.6521,537744.3,547157.562
2018-12-19,000001.SZ,10.14,10.18,9.9,9.94,10.12,-0.18,-1.7787,598007.01,600090.171
2018-12-20,000001.SZ,9.92,9.97,9.63,9.71,9.94,-0.23,-2.3139,990284.79,964202.861
2018-12-21,000001.SZ,9.68,9.7,9.33,9.45,9.71,-0.26,-2.6777,1000616.76,944460.332
2018-12-24,000001.SZ,9.4,9.45,9.31,9.42,9.45,-0.03,-0.3175,509117.67,477186.904
2018-12-25,000001.SZ,9.29,9.43,9.21,9.34,9.42,-0.08,-0.8493,586615.45,545235.607
2018-12-26,000001.SZ,9.35,9.42,9.27,9.3,9.34,-0.04,-0.4283,421140.6,393215.14
2018-12-27,000001.SZ,9.45,9.49,9.28,9.28,9.3,-0.02,-0.2151,624593.27,586343.755
2018-12-28,000001.SZ,9.31,9.46,9.31,9.38,9.28,0.1,1.0776,576604.0,541571.004
2019-01-02,000001.SZ,9.39,9.42,9.16,9.19,9.38,-0.19,-2.0256,539386.32,498695.109
2019-01-03,000001.SZ,9.18,9.33,9.15,9.28,9.19,0.09,0.9793,415537.95,384457.707
2019-01-04,000001.SZ,9.24,9.82,9.22,9.75,9.28,0.47,5.0647,1481159.06,1422149.888
2019-01-07,000001.SZ,9.84,9.85,9.63,9.74,9.75,-0.01,-0.1026,865687.66,841166.43
2019-01-08,000001.SZ,9.73,9.74,9.62,9.66,9.74,-0.08,-0.8214,402388.11,389247.795
2019-01-09,000001.SZ,9.74,10.08,9.7,9.94,9.66,0.28,2.8986,1233486.36,1229465.116
2019-01-10,000001.SZ,9.87,10.2,9.86,10.1,9.94,0.16,1.6097,1071817.66,1079711.035
2019-01-11,000001.SZ,10.11,10.22,10.05,10.2,10.1,0.1,0.9901,696364.55,708001.802
2019-01-14,000001.SZ,10.22,10.25,10.07,10.11,10.2,-0.09,-0.8824,500443.59,507862.882
2019-01-15,000001.SZ,10.11,10.28,10.09,10.24,10.11,0.13,1.2859,542160.55,553027.309
2019-01-16,000001.SZ,10.24,10.5,10.23,10.48,10.24,0.24,2.3438,977699.37,1017495.116
2019-01-17,000001.SZ,10.54,10.57,10.17,10.25,10.48,-0.23,-2.1947,882811.92,910212.066
2019-01-18,000001.SZ,10.34,10.49,10.28,10.43,10.25,0.18,1.7561,738793.26,769973.637
2019-01-21,000001.SZ,10.34,10.47,10.32,10.34,10.43,-0.09,-0.8629,659355.76,684465.646
2019-01-22,000001.SZ,10.34,10.44,10.26,10.28,10.34,-0.06,-0.5803,424413.57,438991.45
2019-01-23,000001.SZ,10.29,10.47,10.29,10.35,10.28,0.07,0.6809,537876.63,559384.396
2019-01-24,000001.SZ,10.4,10.55,10.37,10.52,10.35,0.17,1.6425,679240.88,711495.718
2019-01-25,000001.SZ,10.56,11.04,10.55,11.0,10.52,0.48,4.5627,2108361.85,2299718.224
2019-01-28,000001.SZ,11.04,11.14,10.88,10.94,11.0,-0.06,-0.5455,1035909.8,1141853.833
2019-01-29,000001.SZ,10.96,11.07,10.77,11.0,10.94,0.06,0.5484,826631.1,904847.854
2019-01-30,000001.SZ,10.95,11.18,10.86,10.95,11.0,-0.05,-0.4545,712001.01,785204.571
2019-01-31,000001.SZ,10.98,11.2,10.94,11.1,10.95,0.15,1.3699,831622.75,922602.874
2019-02-01,000001.SZ,11.2,11.25,10.96,11.2,11.1,0.1,0.9009,1014270.07,1127216.186
2019-02-11,000001.SZ,11.08,11.21,10.97,11.21,11.2,0.01,0.0893,801936.63,889951.528
2019-02-12,000001.SZ,11.2,11.31,11.03,11.19,11.21,-0.02,-0.1784,959936.9,1071873.084
2019-02-13,000001.SZ,11.19,11.41,11.12,11.38,11.19,0.19,1.6979,1137365.74,1280182.096
2019-02-14,000001.SZ,11.3,11.33,11.19,11.25,11.38,-0.13,-1.1424,869185.19,977818.097
2019-02-15,000001.SZ,11.23,11.23,10.9,10.95,11.25,-0.3,-2.6667,1100127.46,1213914.428
2019-02-18,000001.SZ,11.05,11.36,11.04,11.36,10.95,0.41,3.7443,1255522.21,1408279.68
2019-02-19,000001.SZ,11.36,11.62,11.24,11.27,11.36,-0.09,-0.7923,1270882.04,1445281.382
2019-02-20,000001.SZ,11.33,11.53,11.25,11.41,11.27,0.14,1.2422,832629.87,949430.819
2019-02-21,000001.SZ,11.38,11.55,11.28,11.36,11.41,-0.05,-0.4382,754246.48,860591.07
2019-02-22,000001.SZ,11.35,11.57,11.15,11.54,11.36,0.18,1.5845,1184047.79,1343020.336
2019-02-25,000001.SZ,11.7,12.64,11.57,12.55,11.54,1.01,8.7522,2824935.02,3415946.86
2019-02-26,000001.SZ,12.55,12.57,12.15,12.2,12.55,-0.35,-2.7888,2017544.93,2485673.356
2019-02-27,000001.SZ,12.24,12.66,12.15,12.4,12.2,0.2,1.6393,1979013.88,2454404.411
2019-02-28,000001.SZ,12.44,12.61,12.27,12.36,12.4,-0.04,-0.3226,1113099.8,1383110.81
2019-03-01,000001.SZ,12.48,12.78,12.2,12.76,12.36,0.4,3.2362,1712679.16,2137669.556
2019-03-04,000001.SZ,12.7,13.38,12.62,12.99,12.76,0.23,1.8025,2456830.39,3195011.702
2019-03-05,000001.SZ,12.91,13.29,12.84,13.06,12.99,0.07,0.5389,1408422.22,1838251.656
2019-03-06,000001.SZ,13.06,13.15,12.84,13.08,13.06,0.02,0.1531,1245760.2,1614670.974
2019-03-07,000001.SZ,13.06,13.06,12.55,12.74,13.08,-0.34,-2.5994,1782057.31,2274151.007
2019-03-08,000001.SZ,12.49,12.7,12.25,12.3,12.74,-0.44,-3.4537,1778162.1,2214572.416
2019-03-11,000001.SZ,12.3,12.49,12.05,12.32,12.3,0.02,0.1626,1157650.77,1416000.379
2019-03-12,000001.SZ,12.49,12.64,12.24,12.36,12.32,0.04,0.3247,1411794.92,1757797.25
2019-03-13,000001.SZ,12.34,12.55,12.13,12.37,12.36,0.01,0.0809,1269427.16,1568387.543
2019-03-14,000001.SZ,12.33,12.62,12.27,12.43,12.37,0.06,0.485,1057467.9,1316372.926
2019-03-15,000001.SZ,12.34,12.68,12.34,12.5,12.43,0.07,0.5632,1045406.03,1311323.009
2019-03-18,000001.SZ,12.53,12.94,12.32,12.91,12.5,0.41,3.28,1486454.8,1882483.633
2019-03-19,000001.SZ,12.92,12.94,12.61,12.79,12.91,-0.12,-0.9295,957196.46,1221118.294
2019-03-20,000001.SZ,12.68,12.88,12.62,12.75,12.79,-0.04,-0.3127,929996.38,1185477.058
2019-03-21,000001.SZ,12.77,12.8,12.58,12.69,12.75,-0.06,-0.4706,860140.8,1092506.482
2019-03-22,000001.SZ,12.69,12.74,12.5,12.59,12.69,-0.1,-0.788,713502.06,898629.416
2019-03-25,000001.SZ,12.4,12.4,12.1,12.11,12.59,-0.48,-3.8125,1179883.26,1445560.16
2019-03-26,000001.SZ,12.23,12.29,12.01,12.1,12.11,-0.01,-0.0826,935393.27,1136721.266
2019-03-27,000001.SZ,12.24,12.47,12.18,12.38,12.1,0.28,2.314,922826.8,1138302.657
2019-03-28,000001.SZ,12.31,12.31,12.1,12.22,12.38,-0.16,-1.2924,732467.44,892530.627
2019-03-29,000001.SZ,12.26,12.82,12.21,12.82,12.22,0.6,4.91,1669506.47,2108295.393
2019-04-01,000001.SZ,12.83,13.55,12.83,13.18,12.82,0.36,2.8081,1951401.19,2588268.668
2019-04-02,000001.SZ,13.28,13.48,13.23,13.36,13.18,0.18,1.3657,1100384.04,1466040.987
2019-04-03,000001.SZ,13.21,13.45,13.15,13.44,13.36,0.08,0.5988,792915.79,1056166.231
2019-04-04,000001.SZ,13.43,14.0,13.43,13.86,13.44,0.42,3.125,2034365.0,2796366.353
2019-04-08,000001.SZ,13.9,14.43,13.72,13.96,13.86,0.1,0.7215,1743176.2,2464536.241
2019-04-09,000001.SZ,13.87,13.98,13.75,13.81,13.96,-0.15,-1.0745,781332.38,1080549.202
2019-04-10,000001.SZ,13.75,13.88,13.4,13.73,13.81,-0.08,-0.5793,947135.06,1289475.602
2019-04-11,000001.SZ,13.73,13.96,13.49,13.54,13.73,-0.19,-1.3838,655356.62,897382.236
2019-04-12,000001.SZ,13.49,13.59,13.21,13.42,13.54,-0.12,-0.8863,774324.64,1035139.673
2019-04-15,000001.SZ,13.72,14.09,13.66,13.69,13.42,0.27,2.0119,1533890.68,2134708.981
2019-04-16,000001.SZ,13.67,14.58,13.55,14.58,13.69,0.89,6.5011,2379375.18,3379550.307
2019-04-17,000001.SZ,14.42,14.59,14.23,14.35,14.58,-0.23,-1.5775,1004109.87,1443493.493
2019-04-18,000001.SZ,14.3,14.37,14.11,14.34,14.35,-0.01,-0.0697,507045.3,721908.8
2019-04-19,000001.SZ,14.45,14.8,14.3,14.73,14.34,0.39,2.7197,1246036.09,1814875.936
2019-04-22,000001.SZ,14.6,14.84,14.08,14.15,14.73,-0.58,-3.9375,1322273.9,1899850.004
2019-04-23,000001.SZ,14.1,14.2,13.97,14.07,14.15,-0.08,-0.5654,940687.34,1326465.625
2019-04-24,000001.SZ,14.45,14.6,14.16,14.44,14.07,0.37,2.6297,1949723.63,2811131.027
2019-04-25,000001.SZ,14.38,14.64,14.13,14.13,14.44,-0.31,-2.1468,1111476.37,1597895.217
2019-04-26,000001.SZ,14.08,14.25,13.7,13.79,14.13,-0.34,-2.4062,1009421.24,1407987.365
2019-04-29,000001.SZ,13.9,14.33,13.86,14.1,13.79,0.31,2.248,1030695.75,1450714.134
2019-04-30,000001.SZ,13.99,14.05,13.59,13.85,14.1,-0.25,-1.773,1116570.27,1542958.577
2019-05-06,000001.SZ,13.1,13.35,12.71,12.87,13.85,-0.98,-7.0758,2108667.84,2742409.411
2019-05-07,000001.SZ,13.03,13.09,12.72,12.95,12.87,0.08,0.6216,1072658.41,1386247.078
2019-05-08,000001.SZ,12.72,12.91,12.5,12.6,12.95,-0.35,-2.7027,975450.81,1236655.982
2019-05-09,000001.SZ,12.52,12.58,12.05,12.16,12.6,-0.44,-3.4921,1557151.61,1904905.488
2019-05-10,000001.SZ,12.34,12.75,12.1,12.68,12.16,0.52,4.2763,1192399.08,1489975.624
2019-05-13,000001.SZ,12.33,12.54,12.23,12.3,12.68,-0.38,-2.9968,741917.79,916213.719
2019-05-14,000001.SZ,12.2,12.75,12.16,12.49,12.3,0.19,1.5447,1182598.19,1477008.362
2019-05-15,000001.SZ,12.58,13.11,12.57,12.92,12.49,0.43,3.4428,1103988.51,1417050.112
2019-05-16,000001.SZ,12.93,12.99,12.78,12.85,12.92,-0.07,-0.5418,634901.43,816740.932
2019-05-17,000001.SZ,12.92,12.93,12.36,12.44,12.85,-0.41,-3.1907,965000.85,1208569.909
2019-05-20,000001.SZ,12.35,12.54,12.25,12.38,12.44,-0.06,-0.4823,786435.18,971222.474
2019-05-21,000001.SZ,12.4,12.73,12.36,12.56,12.38,0.18,1.454,731210.51,919191.24
2019-05-22,000001.SZ,12.57,12.57,12.32,12.4,12.56,-0.16,-1.2739,506230.72,628437.47
2019-05-23,000001.SZ,12.24,12.42,12.14,12.29,12.4,-0.11,-0.8871,666855.43,817850.53
2019-05-24,000001.SZ,12.35,12.45,12.31,12.35,12.29,0.06,0.4882,495526.2,613106.248
2019-05-27,000001.SZ,12.21,12.42,11.93,12.37,12.35,0.02,0.1619,1048425.98,1275632.724
2019-05-28,000001.SZ,12.31,12.55,12.26,12.49,12.37,0.12,0.9701,880703.12,1094063.186
2019-05-29,000001.SZ,12.36,12.59,12.26,12.4,12.49,-0.09,-0.7206,666411.5,827828.661
2019-05-30,000001.SZ,12.32,12.38,12.11,12.22,12.4,-0.18,-1.4516,646284.65,787801.007
2019-05-31,000001.SZ,12.16,12.4,12.11,12.18,12.22,-0.04,-0.3273,686794.39,839375.709
2019-06-03,000001.SZ,12.22,12.33,11.82,11.9,12.18,-0.28,-2.2989,1512719.05,1816591.876
2019-06-04,000001.SZ,11.89,11.94,11.6,11.85,11.9,-0.05,-0.4202,974655.34,1147709.578
2019-06-05,000001.SZ,11.97,12.14,11.92,11.97,11.85,0.12,1.0127,748892.31,899331.716
2019-06-06,000001.SZ,11.97,12.07,11.89,11.92,11.97,-0.05,-0.4177,433665.26,519425.127
2019-06-10,000001.SZ,12.01,12.47,11.98,12.34,11.92,0.42,3.5235,1144668.82,1404223.62
2019-06-11,000001.SZ,12.34,12.72,12.3,12.65,12.34,0.31,2.5122,1251087.51,1574105.212
2019-06-12,000001.SZ,12.63,12.66,12.44,12.57,12.65,-0.08,-0.6324,657310.18,825178.004
2019-06-13,000001.SZ,12.54,12.68,12.43,12.59,12.57,0.02,0.1591,530000.26,666277.695
2019-06-14,000001.SZ,12.59,12.69,12.45,12.49,12.59,-0.1,-0.7943,483191.73,606815.214
2019-06-17,000001.SZ,12.48,12.79,12.48,12.67,12.49,0.18,1.4412,619815.88,786223.58
2019-06-18,000001.SZ,12.67,12.85,12.59,12.8,12.67,0.13,1.026,483555.12,616237.571
2019-06-19,000001.SZ,13.29,13.39,13.01,13.07,12.8,0.27,2.1094,1143226.39,1504997.837
2019-06-20,000001.SZ,13.17,13.95,13.12,13.8,13.07,0.73,5.5853,1529191.47,2083209.238
2019-06-21,000001.SZ,13.76,13.87,13.58,13.64,13.8,-0.16,-1.1594,1011129.15,1384099.587
2019-06-24,000001.SZ,13.69,13.83,13.61,13.69,13.64,0.05,0.3666,659572.85,904433.349
2019-06-25,000001.SZ,13.72,13.72,13.07,13.43,13.69,-0.26,-1.8992,1469227.07,1954855.785
2019-06-26,000001.SZ,13.27,13.5,13.19,13.37,13.29,0.08,0.602,546504.76,731207.282
2019-06-27,000001.SZ,13.5,13.85,13.45,13.71,13.37,0.34,2.543,925074.94,1270042.461
2019-06-28,000001.SZ,13.73,13.79,13.58,13.78,13.71,0.07,0.5106,498093.69,682679.97
2019-07-01,000001.SZ,14.01,14.18,13.87,13.93,13.78,0.15,1.0885,960636.0,1347792.874
2019-07-02,000001.SZ,13.88,14.24,13.86,14.18,13.93,0.25,1.7947,1052744.86,1481211.353
2019-07-03,000001.SZ,14.18,14.21,13.87,14.01,14.18,-0.17,-1.1989,769078.49,1076744.4
2019-07-04,000001.SZ,14.01,14.28,13.88,13.99,14.01,-0.02,-0.1428,621292.52,873624.287
2019-07-05,000001.SZ,13.95,13.98,13.69,13.92,13.99,-0.07,-0.5004,749196.09,1037357.175
2019-07-08,000001.SZ,13.82,13.88,13.45,13.59,13.92,-0.33,-2.3707,778413.9,1061095.712
2019-07-09,000001.SZ,13.63,13.71,13.44,13.59,13.59,0.0,0.0,494296.11,670391.72
2019-07-10,000001.SZ,13.61,13.7,13.49,13.56,13.59,-0.03,-0.2208,358220.79,487071.876
2019-07-11,000001.SZ,13.68,13.78,13.53,13.54,13.56,-0.02,-0.1475,484183.14,660588.299
2019-07-12,000001.SZ,13.6,14.23,13.58,14.12,13.54,0.58,4.2836,1465366.52,2055749.881
2019-07-15,000001.SZ,14.03,14.12,13.84,14.0,14.12,-0.12,-0.8499,841282.76,1175798.104
2019-07-16,000001.SZ,13.97,13.99,13.71,13.75,14.0,-0.25,-1.7857,722780.79,998151.578
2019-07-17,000001.SZ,13.7,13.81,13.61,13.69,13.75,-0.06,-0.4364,410020.63,561944.451
2019-07-18,000001.SZ,13.65,13.81,13.56,13.67,13.69,-0.02,-0.1461,422826.22,578067.487
2019-07-19,000001.SZ,13.74,14.08,13.68,13.99,13.67,0.32,2.3409,866390.7,1207316.526
2019-07-22,000001.SZ,13.96,14.02,13.76,13.85,13.99,-0.14,-1.0007,582283.3,807249.426
2019-07-23,000001.SZ,13.86,13.87,13.65,13.76,13.85,-0.09,-0.6498,504004.23,692328.447
2019-07-24,000001.SZ,13.87,14.01,13.79,13.88,13.76,0.12,0.8721,570276.22,793387.782
2019-07-25,000001.SZ,13.92,14.27,13.85,14.2,13.88,0.32,2.3055,1087826.41,1534889.645
2019-07-26,000001.SZ,14.18,14.25,14.08,14.23,14.2,0.03,0.2113,635305.71,901074.107
2019-07-29,000001.SZ,14.25,14.45,14.18,14.29,14.23,0.06,0.4216,715576.19,1023261.763
2019-07-30,000001.SZ,14.31,14.55,14.29,14.37,14.29,0.08,0.5598,796634.32,1148582.412
2019-07-31,000001.SZ,14.3,14.32,14.08,14.13,14.37,-0.24,-1.6701,634723.48,899227.865
2019-08-01,000001.SZ,14.06,14.19,13.94,14.1,14.13,-0.03,-0.2123,527981.28,742308.285
2019-08-02,000001.SZ,13.77,13.88,13.66,13.74,14.1,-0.36,-2.5532,969926.46,1333400.773
2019-08-05,000001.SZ,13.6,13.64,13.27,13.35,13.74,-0.39,-2.8384,893082.42,1201885.399
2019-08-06,000001.SZ,13.1,13.46,13.03,13.37,13.35,0.02,0.1498,882499.13,1166971.469
2019-08-07,000001.SZ,13.49,13.64,13.37,13.54,13.37,0.17,1.2715,793038.99,1070736.943
2019-08-08,000001.SZ,13.9,14.5,13.85,14.38,13.54,0.84,6.2038,2330715.04,3313302.1
2019-08-09,000001.SZ,14.55,14.85,14.43,14.52,14.38,0.14,0.9736,2060575.13,3021884.306
2019-08-12,000001.SZ,14.61,15.12,14.6,15.12,14.52,0.6,4.1322,2733425.47,4084497.902
2019-08-13,000001.SZ,15.0,15.08,14.74,14.89,15.12,-0.23,-1.5212,1293736.44,1925835.288
2019-08-14,000001.SZ,15.14,15.22,14.8,14.97,14.89,0.08,0.5373,1360546.54,2038261.151
2019-08-15,000001.SZ,14.64,14.96,14.6,14.94,14.97,-0.03,-0.2004,897376.26,1333117.725
2019-08-16,000001.SZ,15.09,15.14,14.78,14.9,14.94,-0.04,-0.2677,986902.93,1474900.257
2019-08-19,000001.SZ,14.91,14.94,14.52,14.92,14.9,0.02,0.1342,2292956.13,3368207.935
2019-08-20,000001.SZ,14.92,15.2,14.77,14.99,14.92,0.07,0.4692,1921041.5,2872304.2
2019-08-21,000001.SZ,14.87,14.89,14.38,14.45,14.99,-0.54,-3.6024,1990131.95,2902251.1
2019-08-22,000001.SZ,14.4,14.45,14.2,14.31,14.45,-0.14,-0.9689,1353071.58,1935208.499
2019-08-23,000001.SZ,14.37,14.74,14.35,14.65,14.31,0.34,2.376,1636867.68,2388239.081
2019-08-26,000001.SZ,14.42,14.5,14.15,14.25,14.65,-0.4,-2.7304,1415122.54,2018498.039
2019-08-27,000001.SZ,14.36,14.48,14.24,14.31,14.25,0.06,0.4211,1356713.37,1948127.123
2019-08-28,000001.SZ,14.26,14.28,14.05,14.27,14.31,-0.04,-0.2795,829657.68,1176329.095
2019-08-29,000001.SZ,14.22,14.24,14.08,14.13,14.27,-0.14,-0.9811,609034.34,861177.482
2019-08-30,000001.SZ,14.29,14.39,14.1,14.16,14.13,0.03,0.2123,798500.57,1136119.659
2019-09-02,000001.SZ,14.15,14.5,14.11,14.45,14.16,0.29,2.048,1360201.3,1955673.136
2019-09-03,000001.SZ,14.48,14.51,14.25,14.3,14.45,-0.15,-1.0381,858653.65,1230606.485
2019-09-04,000001.SZ,14.32,14.5,14.31,14.44,14.3,0.14,0.979,973964.87,1404037.295
2019-09-05,000001.SZ,14.56,14.85,14.55,14.58,14.44,0.14,0.9695,1768051.43,2599478.258
2019-09-06,000001.SZ,14.71,14.81,14.62,14.81,14.58,0.23,1.5775,986432.8,1451264.912
2019-09-09,000001.SZ,14.98,15.0,14.6,14.69,14.81,-0.12,-0.8103,1299839.14,1918042.303
2019-09-10,000001.SZ,14.6,14.64,14.41,14.55,14.69,-0.14,-0.953,796870.64,1155180.739
2019-09-11,000001.SZ,14.6,14.71,14.46,14.56,14.55,0.01,0.0687,818614.21,1192674.258
2019-09-12,000001.SZ,14.66,14.78,14.53,14.68,14.56,0.12,0.8242,1150687.64,1682911.849
2019-09-16,000001.SZ,14.7,14.72,14.4,14.45,14.68,-0.23,-1.5668,929894.14,1349401.481
2019-09-17,000001.SZ,14.36,14.45,14.18,14.24,14.45,-0.21,-1.4533,882655.75,1261416.554
2019-09-18,000001.SZ,14.24,14.48,14.24,14.41,14.24,0.17,1.1938,820436.33,1179079.988
2019-09-19,000001.SZ,14.48,14.89,14.48,14.84,14.41,0.43,2.984,1884020.83,2777383.508
2019-09-20,000001.SZ,14.95,15.4,14.93,15.34,14.84,0.5,3.3693,2644285.14,4020646.521
2019-09-23,000001.SZ,15.34,15.47,15.18,15.38,15.34,0.04,0.2608,1403282.0,2148740.448
2019-09-24,000001.SZ,15.47,15.54,15.18,15.18,15.38,-0.2,-1.3004,1129103.24,1726238.272
2019-09-25,000001.SZ,15.2,15.85,15.19,15.75,15.18,0.57,3.7549,1938892.72,3024598.93
2019-09-26,000001.SZ,15.86,16.04,15.66,15.71,15.75,-0.04,-0.254,1686592.58,2673096.951
2019-09-27,000001.SZ,15.85,16.0,15.7,15.9,15.71,0.19,1.2094,1007706.27,1598567.052
2019-09-30,000001.SZ,15.75,15.89,15.57,15.59,15.9,-0.31,-1.9497,1046363.17,1645828.526
2019-10-08,000001.SZ,15.6,16.23,15.6,16.2,15.59,0.61,3.9128,1386676.36,2225024.598
2019-10-09,000001.SZ,16.1,16.52,16.02,16.25,16.2,0.05,0.3086,1316693.41,2145061.763
2019-10-10,000001.SZ,16.27,16.27,15.99,16.24,16.25,-0.01,-0.0615,879746.62,1418751.875
2019-10-11,000001.SZ,16.2,16.95,16.2,16.81,16.24,0.57,3.5099,1405422.82,2335030.599
2019-10-14,000001.SZ,16.97,17.6,16.92,17.22,16.81,0.41,2.439,1557637.45,2688929.547
2019-10-15,000001.SZ,17.25,17.35,16.82,17.18,17.22,-0.04,-0.2323,881955.42,1503633.369
2019-10-16,000001.SZ,17.26,17.44,16.63,16.79,17.18,-0.39,-2.2701,1267671.21,2146150.627
2019-10-17,000001.SZ,16.9,17.0,16.55,16.7,16.79,-0.09,-0.536,1126182.22,1887045.621
2019-10-18,000001.SZ,16.8,17.04,16.43,16.51,16.7,-0.19,-1.1377,1196799.14,1999012.671
2019-10-21,000001.SZ,16.43,16.97,16.43,16.89,16.51,0.38,2.3016,945952.25,1589276.085
2019-10-22,000001.SZ,16.91,16.93,16.03,16.42,16.89,-0.47,-2.7827,1883531.43,3072547.165
2019-10-23,000001.SZ,16.32,16.67,16.23,16.45,16.42,0.03,0.1827,967534.59,1590781.971
2019-10-24,000001.SZ,16.5,17.0,16.44,16.87,16.45,0.42,2.5532,1109214.77,1861032.918
2019-10-25,000001.SZ,16.78,16.96,16.58,16.88,16.87,0.01,0.0593,691435.76,1161100.08
2019-10-28,000001.SZ,16.98,17.04,16.48,16.66,16.88,-0.22,-1.3033,1070131.13,1780873.358
2019-10-29,000001.SZ,16.69,16.93,16.56,16.91,16.66,0.25,1.5006,788864.73,1322036.352
2019-10-30,000001.SZ,16.8,16.96,16.42,16.43,16.91,-0.48,-2.8386,854317.17,1420644.944
2019-10-31,000001.SZ,16.42,16.47,16.24,16.26,16.43,-0.17,-1.0347,862569.3,1407006.434
2019-11-01,000001.SZ,16.35,17.0,16.28,16.86,16.26,0.6,3.69,1254655.44,2096068.96
2019-11-04,000001.SZ,16.98,17.25,16.77,16.92,16.86,0.06,0.3559,889824.25,1507910.818
2019-11-05,000001.SZ,16.8,17.44,16.79,17.15,16.92,0.23,1.3593,1172485.89,2010924.199
2019-11-06,000001.SZ,17.06,17.26,16.88,16.96,17.15,-0.19,-1.1079,863325.36,1470233.502
2019-11-07,000001.SZ,16.93,17.07,16.75,16.89,16.96,-0.07,-0.4127,711896.99,1200671.649
2019-11-08,000001.SZ,16.98,17.02,16.64,16.65,16.89,-0.24,-1.421,849139.24,1421088.326
2019-11-11,000001.SZ,16.5,16.53,16.2,16.28,16.65,-0.37,-2.2222,953515.63,1556517.253
2019-11-12,000001.SZ,16.29,16.37,16.16,16.33,16.28,0.05,0.3071,516266.4,840769.286
2019-11-13,000001.SZ,16.29,16.46,16.06,16.33,16.33,0.0,0.0,655120.65,1067975.601
2019-11-14,000001.SZ,16.43,16.48,16.25,16.32,16.33,-0.01,-0.0612,468899.55,767006.342
2019-11-15,000001.SZ,16.39,16.55,16.24,16.34,16.32,0.02,0.1225,569227.98,933539.572
2019-11-18,000001.SZ,16.35,16.55,16.23,16.45,16.34,0.11,0.6732,557918.41,915983.935
2019-11-19,000001.SZ,16.45,16.48,16.31,16.41,16.45,-0.04,-0.2432,562120.4,920998.203
2019-11-20,000001.SZ,16.3,16.3,15.77,15.85,16.41,-0.56,-3.4126,1724383.53,2747598.383
2019-11-21,000001.SZ,15.75,15.87,15.63,15.86,15.85,0.01,0.0631,772563.24,1218516.399
2019-11-22,000001.SZ,15.89,15.92,15.55,15.59,15.86,-0.27,-1.7024,773473.54,1216064.537
2019-11-25,000001.SZ,15.64,15.84,15.54,15.8,15.59,0.21,1.347,783257.94,1233388.886
2019-11-26,000001.SZ,15.89,15.89,15.49,15.62,15.8,-0.18,-1.1392,815297.53,1271594.662
2019-11-27,000001.SZ,15.64,15.64,15.39,15.47,15.62,-0.15,-0.9603,476169.98,736584.294
2019-11-28,000001.SZ,15.47,15.54,15.44,15.49,15.47,0.02,0.1293,378016.51,585252.046
2019-11-29,000001.SZ,15.54,15.55,15.18,15.29,15.49,-0.2,-1.2912,653866.91,1001451.096
2019-12-02,000001.SZ,15.35,15.43,15.23,15.36,15.29,0.07,0.4578,553877.38,849784.129
2019-12-03,000001.SZ,15.3,15.46,15.21,15.45,15.36,0.09,0.5859,455418.05,700293.548
2019-12-04,000001.SZ,15.34,15.41,15.21,15.31,15.45,-0.14,-0.9061,524545.27,802110.334
2019-12-05,000001.SZ,15.35,15.48,15.3,15.43,15.31,0.12,0.7838,557084.46,857682.575
2019-12-06,000001.SZ,15.47,15.72,15.46,15.6,15.43,0.17,1.1017,712615.24,1109423.061
2019-12-09,000001.SZ,15.62,15.62,15.35,15.41,15.6,-0.19,-1.2179,605992.89,935135.952
2019-12-10,000001.SZ,15.36,15.38,15.25,15.33,15.41,-0.08,-0.5191,556383.88,851377.532
2019-12-11,000001.SZ,15.38,15.68,15.3,15.66,15.33,0.33,2.1526,871505.19,1351786.53
2019-12-12,000001.SZ,15.66,15.67,15.53,15.6,15.66,-0.06,-0.3831,478998.82,747519.511
2019-12-13,000001.SZ,15.85,16.12,15.77,16.12,15.6,0.52,3.3333,1053103.81,1680707.282
2019-12-16,000001.SZ,16.12,16.14,15.87,16.13,16.12,0.01,0.062,787952.34,1262802.471
2019-12-17,000001.SZ,16.0,16.63,15.98,16.5,16.13,0.37,2.2939,1203104.9,1969891.323
2019-12-18,000001.SZ,16.43,16.66,16.41,16.46,16.5,-0.04,-0.2424,797091.33,1317608.543
2019-12-19,000001.SZ,16.55,16.74,16.44,16.55,16.46,0.09,0.5468,675536.76,1119925.969
2019-12-20,000001.SZ,16.55,16.68,16.44,16.59,16.55,0.04,0.2417,644478.38,1067869.779
2019-12-23,000001.SZ,16.68,16.68,16.17,16.24,16.59,-0.35,-2.1097,715792.72,1173372.08
2019-12-24,000001.SZ,16.23,16.5,16.23,16.4,16.24,0.16,0.9852,459128.42,752351.618
2019-12-25,000001.SZ,16.45,16.56,16.24,16.3,16.4,-0.1,-0.6098,414917.98,679664.596
2019-12-26,000001.SZ,16.34,16.48,16.32,16.47,16.3,0.17,1.0429,372033.86,610381.757
2019-12-27,000001.SZ,16.53,16.93,16.43,16.63,16.47,0.16,0.9715,1042574.72,1741473.179
2019-12-30,000001.SZ,16.46,16.63,16.1,16.57,16.63,-0.06,-0.3608,976970.31,1603152.786
2019-12-31,000001.SZ,16.57,16.63,16.31,16.45,16.57,-0.12,-0.7242,704442.25,1154704.348
2020-01-02,000001.SZ,16.65,16.95,16.55,16.87,16.45,0.42,2.5532,1530231.87,2571196.482
2020-01-03,000001.SZ,16.94,17.31,16.92,17.18,16.87,0.31,1.8376,1116194.81,1914495.474
2020-01-06,000001.SZ,17.01,17.34,16.91,17.07,17.18,-0.11,-0.6403,862083.5,1477930.193
2020-01-07,000001.SZ,17.13,17.28,16.95,17.15,17.07,0.08,0.4687,728607.56,1247047.135
2020-01-08,000001.SZ,17.0,17.05,16.63,16.66,17.15,-0.49,-2.8571,847824.12,1423608.811
2020-01-09,000001.SZ,16.81,16.93,16.53,16.79,16.66,0.13,0.7803,1031636.65,1725326.806
2020-01-10,000001.SZ,16.79,16.81,16.52,16.69,16.79,-0.1,-0.5956,585548.45,975154.818
2020-01-13,000001.SZ,16.75,17.03,16.61,16.99,16.69,0.3,1.7975,872133.36,1468271.683
2020-01-14,000001.SZ,16.99,17.27,16.76,16.76,16.99,-0.23,-1.3537,1304493.66,2217608.852
2020-01-15,000001.SZ,16.79,16.86,16.45,16.52,16.76,-0.24,-1.432,859439.12,1424889.228
2020-01-16,000001.SZ,16.52,16.57,16.2,16.33,16.52,-0.19,-1.1501,1028104.67,1678888.507
2020-01-17,000001.SZ,16.38,16.55,16.35,16.39,16.33,0.06,0.3674,605436.69,995909.007
2020-01-20,000001.SZ,16.43,16.61,16.35,16.45,16.39,0.06,0.3661,746074.75,1226464.649
2020-01-21,000001.SZ,16.34,16.34,15.93,16.0,16.45,-0.45,-2.7356,896603.1,1442171.431
2020-01-22,000001.SZ,15.92,16.16,15.71,16.09,16.0,0.09,0.5625,719464.91,1150933.398
2020-01-23,000001.SZ,15.92,15.92,15.39,15.54,16.09,-0.55,-3.4183,1100592.07,1723394.336
2020-02-03,000001.SZ,13.99,14.7,13.99,13.99,15.54,-1.55,-9.9743,2259194.83,3201454.164
2020-02-04,000001.SZ,14.05,14.66,14.02,14.6,13.99,0.61,4.3603,1706172.07,2442932.842
2020-02-05,000001.SZ,14.59,14.89,14.32,14.63,14.6,0.03,0.2055,1491380.21,2177632.043
2020-02-06,000001.SZ,14.81,14.87,14.51,14.77,14.63,0.14,0.9569,1185815.72,1740107.625
2020-02-07,000001.SZ,14.6,14.69,14.41,14.62,14.77,-0.15,-1.0156,924852.96,1345053.255
2020-02-10,000001.SZ,14.51,14.53,14.3,14.5,14.62,-0.12,-0.8208,1339495.24,1931983.482
2020-02-11,000001.SZ,14.6,14.94,14.56,14.79,14.5,0.29,2.0,1407507.44,2077194.138
2020-02-12,000001.SZ,14.79,14.82,14.6,14.77,14.79,-0.02,-0.1352,1070503.21,1573229.042
2020-02-13,000001.SZ,14.71,14.88,14.61,14.65,14.77,-0.12,-0.8125,1013205.28,1491327.713
2020-02-14,000001.SZ,14.75,15.14,14.7,15.03,14.65,0.38,2.5939,1512434.73,2253906.452
2020-02-17,000001.SZ,15.04,15.37,14.93,15.37,15.03,0.34,2.2621,1543696.01,2337993.586
2020-02-18,000001.SZ,15.33,15.33,15.01,15.2,15.37,-0.17,-1.1061,973612.35,1478274.222
2020-02-19,000001.SZ,15.1,15.37,15.08,15.24,15.2,0.04,0.2632,874106.93,1333730.218
2020-02-20,000001.SZ,15.27,15.62,15.1,15.59,15.24,0.35,2.2966,1235444.34,1897923.029
2020-02-21,000001.SZ,15.49,15.72,15.45,15.58,15.59,-0.01,-0.0641,995071.02,1546692.93
2020-02-24,000001.SZ,15.46,15.46,15.15,15.23,15.58,-0.35,-2.2465,1191794.5,1820183.854
2020-02-25,000001.SZ,15.0,15.13,14.78,15.04,15.23,-0.19,-1.2475,1144575.02,1710369.786
2020-02-26,000001.SZ,14.77,15.27,14.7,14.99,15.04,-0.05,-0.3324,1176599.15,1769612.245
2020-02-27,000001.SZ,14.96,15.15,14.89,15.11,14.99,0.12,0.8005,975270.9,1464605.739
2020-02-28,000001.SZ,14.85,15.04,14.46,14.5,15.11,-0.61,-4.0371,1300644.45,1906892.413
2020-03-02,000001.SZ,14.55,14.95,14.46,14.79,14.5,0.29,2.0,1116580.66,1647432.269
2020-03-03,000001.SZ,14.96,14.99,14.63,14.72,14.79,-0.07,-0.4733,1153584.32,1705816.271
2020-03-04,000001.SZ,14.68,14.78,14.51,14.69,14.72,-0.03,-0.2038,862595.23,1261123.063
2020-03-05,000001.SZ,14.8,15.64,14.73,15.39,14.69,0.7,4.7651,2686602.34,4089493.523
2020-03-06,000001.SZ,15.18,15.27,15.02,15.03,15.39,-0.36,-2.3392,1228531.03,1858691.259
2020-03-09,000001.SZ,14.71,14.73,14.42,14.45,15.03,-0.58,-3.8589,1665793.54,2420392.13
2020-03-10,000001.SZ,14.38,14.85,14.38,14.76,14.45,0.31,2.1453,1167864.97,1709084.565
2020-03-11,000001.SZ,14.77,14.88,14.62,14.69,14.76,-0.07,-0.4743,814381.64,1201250.682
2020-03-12,000001.SZ,14.65,14.84,14.53,14.68,14.69,-0.01,-0.0681,986497.11,1447436.641
2020-03-13,000001.SZ,13.9,14.58,13.9,14.52,14.68,-0.16,-1.0899,1169765.8,1669009.835
2020-03-16,000001.SZ,14.45,14.46,13.75,13.75,14.52,-0.77,-5.303,1406202.18,1975824.191
2020-03-17,000001.SZ,13.75,13.97,13.13,13.41,13.75,-0.34,-2.4727,1177849.06,1582506.075
2020-03-18,000001.SZ,13.41,13.55,12.65,12.71,13.41,-0.7,-5.22,1384784.37,1816836.893
2020-03-19,000001.SZ,12.68,12.74,11.91,12.23,12.71,-0.48,-3.7766,1891457.13,2313863.663
2020-03-20,000001.SZ,12.4,12.68,12.26,12.52,12.23,0.29,2.3712,1578352.96,1967487.818
2020-03-23,000001.SZ,12.0,12.35,11.93,12.15,12.52,-0.37,-2.9553,1071113.64,1300469.494
2020-03-24,000001.SZ,12.4,12.68,12.27,12.61,12.15,0.46,3.786,1180200.26,1472909.399
2020-03-25,000001.SZ,12.88,13.07,12.7,12.87,12.61,0.26,2.0619,1136957.74,1467534.956
2020-03-26,000001.SZ,12.78,13.34,12.72,13.06,12.87,0.19,1.4763,1075192.43,1408651.057
2020-03-27,000001.SZ,13.25,13.38,13.08,13.15,13.06,0.09,0.6891,653018.88,861618.663
2020-03-30,000001.SZ,12.85,13.04,12.76,12.94,13.15,-0.21,-1.597,661738.79,852956.24
2020-03-31,000001.SZ,13.05,13.09,12.78,12.8,12.94,-0.14,-1.0819,513370.3,662915.471
2020-04-01,000001.SZ,12.86,13.13,12.82,12.89,12.8,0.09,0.7031,520836.04,676070.117
2020-04-02,000001.SZ,12.75,12.97,12.66,12.97,12.89,0.08,0.6206,518365.04,663197.628
2020-04-03,000001.SZ,12.82,12.89,12.55,12.61,12.97,-0.36,-2.7756,825348.14,1047282.4
2020-04-07,000001.SZ,12.89,12.94,12.81,12.88,12.61,0.27,2.1412,870313.71,1121200.115
2020-04-08,000001.SZ,12.88,12.92,12.72,12.78,12.88,-0.1,-0.7764,528716.14,676604.872
2020-04-09,000001.SZ,12.88,12.89,12.72,12.74,12.78,-0.04,-0.313,408553.77,522027.888
2020-04-10,000001.SZ,12.76,12.98,12.65,12.79,12.74,0.05,0.3925,666674.95,853689.95
2020-04-13,000001.SZ,12.67,12.71,12.47,12.59,12.79,-0.2,-1.5637,446214.4,562008.05
2020-04-14,000001.SZ,12.65,12.86,12.57,12.86,12.59,0.27,2.1446,686086.87,874856.562
2020-04-15,000001.SZ,12.86,12.93,12.78,12.87,12.86,0.01,0.0778,656396.4,843649.273
2020-04-16,000001.SZ,12.79,12.79,12.54,12.68,12.87,-0.19,-1.4763,789154.98,997623.816
2020-04-17,000001.SZ,12.77,13.04,12.65,12.89,12.68,0.21,1.6562,1331164.77,1713215.766
2020-04-20,000001.SZ,12.86,13.05,12.77,12.99,12.89,0.1,0.7758,818455.83,1058524.019
2020-04-21,000001.SZ,13.3,13.7,13.3,13.45,12.99,0.46,3.5412,2122448.34,2861879.086
2020-04-22,000001.SZ,13.37,13.42,13.16,13.23,13.45,-0.22,-1.6357,1032802.74,1368222.854
2020-04-23,000001.SZ,13.23,13.31,13.11,13.23,13.23,0.0,0.0,646989.63,855052.11
2020-04-24,000001.SZ,13.17,13.28,13.11,13.24,13.23,0.01,0.0756,566001.61,747473.77
2020-04-27,000001.SZ,13.3,13.64,13.25,13.5,13.24,0.26,1.9637,936829.9,1263809.737
2020-04-28,000001.SZ,13.45,13.56,13.27,13.52,13.5,0.02,0.1481,771564.17,1038718.08
2020-04-29,000001.SZ,13.48,14.1,13.45,14.02,13.52,0.5,3.6982,1108722.39,1541638.203
2020-04-30,000001.SZ,14.02,14.32,13.88,13.93,14.02,-0.09,-0.6419,819540.43,1155968.238
2020-05-06,000001.SZ,13.76,13.89,13.61,13.77,13.93,-0.16,-1.1486,1008998.02,1382727.481
2020-05-07,000001.SZ,13.76,13.76,13.6,13.69,13.77,-0.08,-0.581,662749.23,904349.531
2020-05-08,000001.SZ,13.76,14.02,13.68,13.95,13.69,0.26,1.8992,934781.7,1297924.588
2020-05-11,000001.SZ,13.92,14.13,13.9,14.0,13.95,0.05,0.3584,612862.29,859156.594
2020-05-12,000001.SZ,13.95,14.05,13.72,13.79,14.0,-0.21,-1.5,558511.14,772109.502
2020-05-13,000001.SZ,13.75,13.78,13.53,13.63,13.79,-0.16,-1.1603,640358.79,871062.043
2020-05-14,000001.SZ,13.55,13.59,13.22,13.3,13.63,-0.33,-2.4211,944672.09,1259440.848
2020-05-15,000001.SZ,13.39,13.43,13.14,13.23,13.3,-0.07,-0.5263,756794.47,1004313.267
2020-05-18,000001.SZ,13.2,13.34,13.12,13.2,13.23,-0.03,-0.2268,637208.57,843479.669
2020-05-19,000001.SZ,13.41,13.45,13.27,13.36,13.2,0.16,1.2121,600368.64,801755.671
2020-05-20,000001.SZ,13.38,13.62,13.27,13.51,13.36,0.15,1.1228,690851.07,929928.885
2020-05-21,000001.SZ,13.52,13.57,13.36,13.4,13.51,-0.11,-0.8142,552312.0,742797.057
2020-05-22,000001.SZ,13.33,13.34,12.92,12.92,13.4,-0.48,-3.5821,856237.33,1119433.491
2020-05-25,000001.SZ,12.97,12.98,12.76,12.96,12.92,0.04,0.3096,410170.78,528769.352
2020-05-26,000001.SZ,13.02,13.07,12.94,13.04,12.96,0.08,0.6173,396212.4,515451.849
2020-05-27,000001.SZ,13.05,13.19,12.96,13.0,13.04,-0.04,-0.3067,482962.94,630305.864
2020-05-28,000001.SZ,12.87,13.18,12.81,13.07,12.78,0.29,2.2692,960760.31,1255226.999
2020-05-29,000001.SZ,13.01,13.04,12.92,13.0,13.07,-0.07,-0.5356,457808.22,594502.123
2020-06-01,000001.SZ,13.1,13.39,13.08,13.32,13.0,0.32,2.4615,882960.55,1173619.006
2020-06-02,000001.SZ,13.29,13.63,13.28,13.55,13.32,0.23,1.7267,883458.88,1194375.822
2020-06-03,000001.SZ,13.64,13.88,13.5,13.54,13.55,-0.01,-0.0738,956803.08,1308782.294
2020-06-04,000001.SZ,13.53,13.64,13.41,13.57,13.54,0.03,0.2216,583066.33,788707.63
2020-06-05,000001.SZ,13.6,13.62,13.43,13.59,13.57,0.02,0.1474,383026.9,517232.135
2020-06-08,000001.SZ,13.68,13.85,13.58,13.62,13.59,0.03,0.2208,585971.9,802115.792
2020-06-09,000001.SZ,13.64,13.73,13.53,13.67,13.62,0.05,0.3671,474300.07,646895.834
2020-06-10,000001.SZ,13.71,13.71,13.4,13.49,13.67,-0.18,-1.3168,580476.2,781995.749
2020-06-11,000001.SZ,13.38,13.39,13.0,13.08,13.49,-0.41,-3.0393,1349039.82,1774199.978
2020-06-12,000001.SZ,12.9,13.02,12.87,12.99,13.08,-0.09,-0.6881,1030550.57,1331618.728
2020-06-15,000001.SZ,12.85,12.97,12.8,12.82,12.99,-0.17,-1.3087,660313.07,850767.506
2020-06-16,000001.SZ,12.9,12.99,12.86,12.89,12.82,0.07,0.546,718059.1,927043.687
2020-06-17,000001.SZ,12.89,12.92,12.76,12.85,12.89,-0.04,-0.3103,716468.24,918251.153
2020-06-18,000001.SZ,12.76,12.8,12.59,12.76,12.85,-0.09,-0.7004,1119647.8,1419972.017
2020-06-19,000001.SZ,12.73,12.84,12.61,12.8,12.76,0.04,0.3135,1539521.78,1954584.919
2020-06-22,000001.SZ,12.74,12.76,12.62,12.64,12.8,-0.16,-1.25,1319079.79,1671023.278
2020-06-23,000001.SZ,12.65,12.69,12.52,12.6,12.64,-0.04,-0.3165,990806.73,1248046.646
2020-06-24,000001.SZ,12.64,12.88,12.6,12.8,12.6,0.2,1.5873,1523220.48,1946329.095
2020-06-29,000001.SZ,12.92,12.97,12.71,12.8,12.8,0.0,0.0,1038480.06,1330678.288
2020-06-30,000001.SZ,12.83,12.88,12.72,12.8,12.8,0.0,0.0,937940.22,1199181.601
2020-07-01,000001.SZ,12.79,13.15,12.74,13.12,12.8,0.32,2.5,1697390.01,2202800.843
2020-07-02,000001.SZ,13.08,13.49,12.97,13.43,13.12,0.31,2.3628,2590501.19,3433511.084
2020-07-03,000001.SZ,13.57,14.32,13.56,14.25,13.43,0.82,6.1057,3768333.63,5280918.011
2020-07-06,000001.SZ,14.6,15.68,14.59,15.68,14.25,1.43,10.0351,4711460.78,7168653.356
2020-07-07,000001.SZ,16.3,16.63,15.03,15.48,15.68,-0.2,-1.2755,3964427.47,6267919.683
2020-07-08,000001.SZ,15.23,16.0,15.23,15.76,15.48,0.28,1.8088,2631339.16,4095447.757
2020-07-09,000001.SZ,15.66,15.66,15.31,15.53,15.76,-0.23,-1.4594,2243994.4,3469517.329
2020-07-10,000001.SZ,15.35,15.48,14.76,14.86,15.53,-0.67,-4.3142,2158773.26,3254272.377
2020-07-13,000001.SZ,14.7,15.08,14.5,14.89,14.86,0.03,0.2019,1937160.12,2871414.844
2020-07-14,000001.SZ,14.9,15.19,14.55,14.68,14.89,-0.21,-1.4103,1953566.27,2891773.817
2020-07-15,000001.SZ,14.78,14.86,14.23,14.27,14.68,-0.41,-2.7929,2042562.83,2947173.149
2020-07-16,000001.SZ,14.3,14.55,14.12,14.15,14.27,-0.12,-0.8409,1930891.29,2771496.391
2020-07-17,000001.SZ,14.17,14.28,13.95,14.14,14.15,-0.01,-0.0707,1291346.77,1821043.927
2020-07-20,000001.SZ,14.23,14.77,14.1,14.73,14.14,0.59,4.1726,1979632.0,2872758.056
2020-07-21,000001.SZ,14.68,14.68,14.4,14.49,14.73,-0.24,-1.6293,1252865.69,1815570.3
2020-07-22,000001.SZ,14.49,14.65,14.27,14.41,14.49,-0.08,-0.5521,1312951.59,1895447.229
2020-07-23,000001.SZ,14.24,14.29,13.81,14.01,14.41,-0.4,-2.7759,2027525.87,2838535.21
2020-07-24,000001.SZ,13.97,13.99,13.42,13.5,14.01,-0.51,-3.6403,1830881.83,2504647.111
2020-07-27,000001.SZ,13.67,13.68,13.1,13.24,13.5,-0.26,-1.9259,1880653.35,2497551.472
2020-07-28,000001.SZ,13.34,13.43,13.18,13.34,13.24,0.1,0.7553,1217005.99,1618089.558
2020-07-29,000001.SZ,13.35,13.63,13.21,13.54,13.34,0.2,1.4993,1519580.25,2043847.472
2020-07-30,000001.SZ,13.5,13.51,13.37,13.37,13.54,-0.17,-1.2555,964067.63,1294444.933
2020-07-31,000001.SZ,13.28,13.53,13.25,13.34,13.37,-0.03,-0.2244,1165821.91,1559068.291
2020-08-03,000001.SZ,13.47,13.62,13.43,13.59,13.34,0.25,1.8741,1445096.16,1954607.257
2020-08-04,000001.SZ,13.66,14.15,13.48,14.04,13.59,0.45,3.3113,2445663.25,3388510.059
2020-08-05,000001.SZ,13.82,13.85,13.62,13.76,14.04,-0.28,-1.9943,1440203.13,1980352.978
2020-08-06,000001.SZ,13.82,13.96,13.65,13.9,13.76,0.14,1.0174,1352510.68,1868047.342
2020-08-07,000001.SZ,13.8,13.9,13.62,13.7,13.9,-0.2,-1.4388,988678.37,1356305.781
2020-08-10,000001.SZ,13.67,14.02,13.62,13.95,13.7,0.25,1.8248,1587710.35,2208568.316
2020-08-11,000001.SZ,13.97,14.66,13.97,14.13,13.95,0.18,1.2903,2603307.89,3748036.828
2020-08-12,000001.SZ,14.21,14.5,14.15,14.38,14.13,0.25,1.7693,1596811.7,2287731.088
2020-08-13,000001.SZ,14.4,14.46,14.14,14.18,14.38,-0.2,-1.3908,837261.75,1190139.725
2020-08-14,000001.SZ,14.1,14.51,14.06,14.47,14.18,0.29,2.0451,1103215.82,1578543.607
2020-08-17,000001.SZ,14.6,15.35,14.55,15.19,14.47,0.72,4.9758,3268027.8,4923669.137
2020-08-18,000001.SZ,15.2,15.3,14.91,15.15,15.19,-0.04,-0.2633,1350261.07,2033477.707
2020-08-19,000001.SZ,15.11,15.35,14.96,15.1,15.15,-0.05,-0.33,1420928.11,2154215.097
2020-08-20,000001.SZ,15.01,15.14,14.53,14.59,15.1,-0.51,-3.3775,1333801.62,1962605.013
2020-08-21,000001.SZ,14.71,14.71,14.32,14.45,14.59,-0.14,-0.9596,1234517.33,1787278.581
2020-08-24,000001.SZ,14.5,14.71,14.41,14.46,14.45,0.01,0.0692,919448.86,1338031.969
2020-08-25,000001.SZ,14.56,14.69,14.46,14.6,14.46,0.14,0.9682,748320.22,1090756.854
2020-08-26,000001.SZ,14.6,14.61,14.28,14.37,14.6,-0.23,-1.5753,734117.72,1057274.169
2020-08-27,000001.SZ,14.4,14.46,14.11,14.46,14.37,0.09,0.6263,626666.77,895618.648
2020-08-28,000001.SZ,14.26,15.18,14.26,15.13,14.46,0.67,4.6335,2410400.02,3599035.694
2020-08-31,000001.SZ,15.3,15.68,14.99,15.08,15.13,-0.05,-0.3305,1797129.54,2760350.322
2020-09-01,000001.SZ,14.96,15.23,14.88,15.14,15.08,0.06,0.3979,813642.58,1228342.741
2020-09-02,000001.SZ,15.01,15.53,15.01,15.32,15.14,0.18,1.1889,1679382.97,2575966.637
2020-09-03,000001.SZ,15.32,15.33,14.84,14.9,15.32,-0.42,-2.7415,1279841.59,1919266.726
2020-09-04,000001.SZ,14.73,15.06,14.6,14.96,14.9,0.06,0.4027,909889.99,1353550.808
2020-09-07,000001.SZ,14.88,15.24,14.83,14.94,14.96,-0.02,-0.1337,1031376.81,1551971.38
2020-09-08,000001.SZ,15.0,15.43,15.0,15.43,14.94,0.49,3.2798,1407601.66,2154220.778
2020-09-09,000001.SZ,15.26,15.56,15.13,15.21,15.43,-0.22,-1.4258,1013572.47,1554005.575
2020-09-10,000001.SZ,15.32,15.48,15.2,15.34,15.21,0.13,0.8547,957092.39,1469402.768
2020-09-11,000001.SZ,15.18,15.3,14.82,15.01,15.34,-0.33,-2.1512,954236.25,1431844.02
2020-09-14,000001.SZ,15.01,15.3,14.92,15.3,15.01,0.29,1.932,680251.05,1027508.108
2020-09-15,000001.SZ,15.2,15.48,15.15,15.35,15.3,0.05,0.3268,657132.67,1007999.044
2020-09-16,000001.SZ,15.32,15.54,15.21,15.44,15.35,0.09,0.5863,722414.75,1114667.832
2020-09-17,000001.SZ,15.54,15.72,15.4,15.57,15.44,0.13,0.842,988215.63,1543414.501
2020-09-18,000001.SZ,15.62,16.09,15.52,16.07,15.57,0.5,3.2113,1373193.3,2186759.087
2020-09-21,000001.SZ,16.0,16.05,15.71,15.86,16.07,-0.21,-1.3068,896161.65,1418370.973
2020-09-22,000001.SZ,15.67,15.84,15.39,15.57,15.86,-0.29,-1.8285,867756.31,1354536.272
2020-09-23,000001.SZ,15.59,15.83,15.51,15.63,15.57,0.06,0.3854,599200.47,939763.265
2020-09-24,000001.SZ,15.59,15.61,15.12,15.12,15.63,-0.51,-3.263,1061011.24,1623376.2
2020-09-25,000001.SZ,15.2,15.31,15.11,15.19,15.12,0.07,0.463,614087.0,933035.044
2020-09-28,000001.SZ,15.19,15.37,14.98,15.31,15.19,0.12,0.79,612711.11,932800.766
2020-09-29,000001.SZ,15.39,15.41,14.76,14.8,15.31,-0.51,-3.3312,1182374.4,1766848.544
2020-09-30,000001.SZ,14.8,15.27,14.8,15.17,14.8,0.37,2.5,1217064.82,1838547.595
2020-10-09,000001.SZ,15.3,15.55,15.13,15.18,15.17,0.01,0.0659,900425.93,1376995.906
2020-10-12,000001.SZ,15.22,16.05,15.21,15.9,15.18,0.72,4.7431,1591347.15,2509002.885
2020-10-13,000001.SZ,15.9,16.11,15.77,16.06,15.9,0.16,1.0063,908819.48,1453986.337
2020-10-14,000001.SZ,16.04,16.12,15.8,16.03,16.06,-0.03,-0.1868,662562.36,1057937.816
2020-10-15,000001.SZ,16.2,16.92,16.15,16.56,16.03,0.53,3.3063,1600062.32,2654379.585
2020-10-16,000001.SZ,16.56,17.37,16.54,17.1,16.56,0.54,3.2609,2095614.19,3589229.558
2020-10-19,000001.SZ,17.3,18.1,17.3,17.48,17.1,0.38,2.2222,2016105.52,3571336.006
2020-10-20,000001.SZ,17.48,17.6,17.25,17.54,17.48,0.06,0.3432,960071.95,1673173.355
2020-10-21,000001.SZ,17.64,18.0,17.33,17.91,17.54,0.37,2.1095,1244560.18,2204040.364
2020-10-22,000001.SZ,17.94,18.5,17.3,17.56,17.91,-0.35,-1.9542,1890519.05,3342069.01
2020-10-23,000001.SZ,17.53,18.78,17.53,18.13,17.56,0.57,3.246,1698501.68,3105623.948
2020-10-26,000001.SZ,18.2,18.29,17.45,17.7,18.13,-0.43,-2.3718,1175598.65,2085800.598
2020-10-27,000001.SZ,18.0,18.0,17.5,17.76,17.7,0.06,0.339,1034865.04,1839243.224
2020-10-28,000001.SZ,17.76,17.9,17.29,17.63,17.76,-0.13,-0.732,1205823.86,2125604.541
2020-10-29,000001.SZ,17.54,17.93,17.35,17.77,17.63,0.14,0.7941,846603.62,1498040.947
2020-10-30,000001.SZ,17.74,18.36,17.6,17.75,17.77,-0.02,-0.1125,1007803.83,1813064.343
2020-11-02,000001.SZ,17.65,18.05,17.33,17.63,17.75,-0.12,-0.6761,968452.77,1702741.437
2020-11-03,000001.SZ,17.71,18.34,17.7,17.96,17.63,0.33,1.8718,957868.63,1727488.481
2020-11-04,000001.SZ,18.35,18.48,17.96,18.32,17.96,0.36,2.0045,1247636.4,2275824.963
2020-11-05,000001.SZ,18.37,18.5,17.54,17.7,18.32,-0.62,-3.3843,1429469.44,2558562.453
2020-11-06,000001.SZ,17.71,17.75,17.22,17.64,17.7,-0.06,-0.339,848781.53,1486492.208
2020-11-09,000001.SZ,17.67,18.0,17.54,17.84,17.64,0.2,1.1338,951424.32,1688807.401
2020-11-10,000001.SZ,18.0,18.5,17.93,18.11,17.84,0.27,1.5135,1021062.81,1854142.808
2020-11-11,000001.SZ,18.2,18.3,17.6,17.81,18.11,-0.3,-1.6565,940130.07,1677811.478
2020-11-12,000001.SZ,17.81,17.94,17.45,17.66,17.81,-0.15,-0.8422,677258.48,1197284.181
2020-11-13,000001.SZ,17.42,17.47,16.69,17.18,17.66,-0.48,-2.718,1289189.23,2191492.021
2020-11-16,000001.SZ,17.08,17.43,16.9,17.37,17.18,0.19,1.1059,759856.93,1308190.459
2020-11-17,000001.SZ,17.38,17.93,17.25,17.83,17.37,0.46,2.6482,852930.51,1509511.577
2020-11-18,000001.SZ,17.78,18.5,17.75,18.46,17.83,0.63,3.5334,1373400.72,2508632.642
2020-11-19,000001.SZ,18.59,18.98,18.3,18.85,18.46,0.39,2.1127,1211740.62,2270476.474
2020-11-20,000001.SZ,18.83,18.99,18.52,18.86,18.85,0.01,0.0531,673919.22,1265262.915
2020-11-23,000001.SZ,18.85,19.62,18.8,19.62,18.86,0.76,4.0297,1165858.26,2252290.578
2020-11-24,000001.SZ,19.62,19.68,19.17,19.36,19.62,-0.26,-1.3252,678543.23,1313496.136
2020-11-25,000001.SZ,19.48,19.7,19.05,19.06,19.36,-0.3,-1.5496,552585.01,1068352.014
2020-11-26,000001.SZ,19.05,19.61,19.03,19.5,19.06,0.44,2.3085,639657.89,1240074.378
2020-11-27,000001.SZ,20.0,20.0,19.38,19.7,19.5,0.2,1.0256,753773.74,1479430.635
2020-11-30,000001.SZ,19.9,20.88,19.59,19.74,19.7,0.04,0.203,1581441.28,3213680.47
2020-12-01,000001.SZ,19.7,20.51,19.4,20.05,19.74,0.31,1.5704,1263719.75,2516010.782
2020-12-02,000001.SZ,19.93,20.06,19.52,19.63,20.05,-0.42,-2.0948,889385.29,1758639.187
2020-12-03,000001.SZ,19.78,19.86,19.17,19.54,19.63,-0.09,-0.4585,714452.3,1393085.02
2020-12-04,000001.SZ,19.47,19.47,18.97,19.3,19.54,-0.24,-1.2282,891347.84,1707639.065
2020-12-07,000001.SZ,19.31,19.39,18.68,18.91,19.3,-0.39,-2.0207,873806.61,1655173.465
2020-12-08,000001.SZ,18.92,19.03,18.53,18.71,18.91,-0.2,-1.0576,719647.51,1345951.734
2020-12-09,000001.SZ,18.79,19.05,18.68,18.71,18.71,0.0,0.0,677221.15,1277484.44
2020-12-10,000001.SZ,18.73,18.88,18.45,18.65,18.71,-0.06,-0.3207,607866.55,1130916.254
2020-12-11,000001.SZ,18.71,18.8,18.22,18.52,18.65,-0.13,-0.6971,887793.87,1642392.314
2020-12-14,000001.SZ,18.6,19.06,18.5,18.88,18.52,0.36,1.9438,835991.74,1575396.008
2020-12-15,000001.SZ,18.8,18.85,18.15,18.74,18.88,-0.14,-0.7415,788857.94,1458268.62
2020-12-16,000001.SZ,18.8,19.1,18.58,19.01,18.74,0.27,1.4408,689070.42,1302133.815
2020-12-17,000001.SZ,18.91,19.07,18.6,18.95,19.01,-0.06,-0.3156,686140.69,1294658.299
2020-12-18,000001.SZ,19.0,19.1,18.23,18.36,18.95,-0.59,-3.1135,1058756.36,1959764.074
2020-12-21,000001.SZ,18.3,18.64,18.03,18.28,18.36,-0.08,-0.4357,906878.11,1662649.81
2020-12-22,000001.SZ,18.36,18.65,17.88,17.9,18.28,-0.38,-2.0788,1028737.51,1873638.734
2020-12-23,000001.SZ,17.96,18.07,17.79,18.0,17.9,0.1,0.5587,750082.73,1345650.736
2020-12-24,000001.SZ,18.15,18.49,18.05,18.26,18.0,0.26,1.4444,632950.12,1155767.283
2020-12-25,000001.SZ,18.26,18.26,17.8,18.04,18.26,-0.22,-1.2048,577077.33,1038128.197
2020-12-28,000001.SZ,18.02,18.86,17.96,18.85,18.04,0.81,4.49,1270337.06,2352947.321
2020-12-29,000001.SZ,18.87,19.3,18.7,19.17,18.85,0.32,1.6976,963092.23,1837947.238
2020-12-30,000001.SZ,19.0,19.2,18.72,19.2,19.17,0.03,0.1565,978497.78,1854082.812
2020-12-31,000001.SZ,19.21,19.58,19.02,19.34,19.2,0.14,0.7292,924503.43,1781736.285
2021-01-04,000001.SZ,19.1,19.1,18.44,18.6,19.34,-0.74,-3.8263,1554216.43,2891682.312
2021-01-05,000001.SZ,18.4,18.48,17.8,18.17,18.6,-0.43,-2.3118,1821352.1,3284606.913
2021-01-06,000001.SZ,18.08,19.56,18.0,19.56,18.17,1.39,7.65,1934945.12,3648521.909
2021-01-07,000001.SZ,19.52,19.98,19.23,19.9,19.56,0.34,1.7382,1584185.3,3111274.625
2021-01-08,000001.SZ,19.9,20.1,19.31,19.85,19.9,-0.05,-0.2513,1195473.22,2348316.363
2021-01-11,000001.SZ,20.0,20.64,20.0,20.38,19.85,0.53,2.67,1790457.14,3652546.646
2021-01-12,000001.SZ,20.39,21.0,20.18,21.0,20.38,0.62,3.0422,1288165.5,2657687.44
2021-01-13,000001.SZ,21.0,21.01,20.4,20.7,21.0,-0.3,-1.4286,1049119.73,2161849.708
2021-01-14,000001.SZ,20.68,20.89,19.95,20.17,20.7,-0.53,-2.5604,1130155.62,2306404.546
2021-01-15,000001.SZ,21.0,21.95,20.82,21.0,20.17,0.83,4.115,2480688.98,5311218.074
